recursive_weight,nonrecursive_weight,WRMSSE,MAE,RMSE,bias,bias_total,bias_percent
0.0,1.0,0.646046629455712,1.0358904785669951,2.229383837843834,-0.03934903913436128,-33593.06168978691,-2.8563901282653887
0.1,0.9,0.6334540315350431,1.0350326302495547,2.2108711246342923,-0.029083897197309996,-24829.50471528749,-2.111232158991579
0.2,0.8,0.624251372856665,1.0346204728988737,2.1946091498308062,-0.018818755260258703,-16065.94774078806,-1.3660741897177677
0.3,0.7,0.6187038172153277,1.034665892980387,2.1806482680105668,-0.008553613323207605,-7302.390766288797,-0.620916220443971
0.4,0.6,0.6169856490914719,1.0351992289500742,2.1690329122700924,0.0017115286138437086,1461.166208210651,0.1242417488298414
0.5,0.5,0.619153383518719,1.0361799845167616,2.1598009254839354,0.011976670550894956,10224.723182710042,0.869399718103649
0.6,0.4,0.6251365727063081,1.0376376999049146,2.152982967514757,0.022241812487946214,18988.280157209443,1.6145576873774576
0.7,0.30000000000000004,0.6347485647561527,1.0396060600773636,2.148602019121511,0.032506954424997486,27751.837131708857,2.359715656651267
0.8,0.19999999999999996,0.6477138934776608,1.0420766247852364,2.146673000765234,0.0427720963620487,36515.394106208216,3.104873625925072
0.9,0.09999999999999998,0.6637046910342762,1.0450367333291855,2.1472025208006804,0.053037238299100016,45278.951080707666,3.8500315951988844
1.0,0.0,0.6823765817123744,1.048496677887349,2.15018876285971,0.06330238023615124,54042.508055207036,4.59518956447269
