model,dimension,group,MAE,RMSE,bias,bias_total,bias_percent
nonrecursive,store_id,CA_1,1.0930133143705851,2.1138724408472958,-0.022405700846936542,-1912.8194927046666,-1.494915785006187
nonrecursive,store_id,CA_2,1.0920851557680933,2.024950684086405,-0.13538865929479393,-11558.400621315148,-9.244427878938142
nonrecursive,store_id,CA_3,1.3585422006400207,2.709012101717726,0.061065262227729775,5213.263566905746,2.945812652230718
nonrecursive,store_id,CA_4,0.7753215047239135,1.3951624395633857,-0.029100116065514242,-2484.335108745082,-3.3475740217281094
nonrecursive,store_id,TX_1,0.8612709288636992,1.798871412021947,-0.021368801508056007,-1824.2973223457573,-1.9663461696405937
nonrecursive,store_id,TX_2,0.9760429589656324,1.9124497734002215,0.04588499255818764,3917.2935846775954,3.5577476110998454
nonrecursive,store_id,TX_3,0.9462501496211038,1.86042913269216,0.008525979769626766,727.8799448925763,0.6839562730380714
nonrecursive,store_id,WI_1,0.9507045153020743,1.6929116025300934,-0.04673952988426322,-3990.2471452793197,-3.7194350773010316
nonrecursive,store_id,WI_2,1.196245441543693,2.9199405182684455,-0.10237619985300948,-8740.060933851126,-5.785820822091305
nonrecursive,store_id,WI_3,0.945508058715744,2.0171930826449453,-0.11007646939358813,-9397.448345069406,-8.404837085295954
nonrecursive,cat_id,FOODS,1.3116551891727963,2.581450479107711,-0.061372635411306664,-24693.89358409335,-3.12212599617835
nonrecursive,cat_id,HOBBIES,0.7189261279865597,1.6493462013501679,-0.01827502672352741,-2891.1092276620366,-2.6099167924441082
nonrecursive,cat_id,HOUSEHOLD,0.7807153028847893,1.4501970955827022,-0.008405543256512464,-2464.169061079194,-0.874066778192109
nonrecursive,horizon,1,0.9287625558286658,1.8239058261179326,0.005760871115335408,175.64896030657658,0.48735873118552925
nonrecursive,horizon,2,0.8917105052339318,1.9154508212242303,0.008140457499145196,248.202549148937,0.7330907911183419
nonrecursive,horizon,3,0.8649493425608333,1.7234401967360338,0.059706220244098406,1820.4426552425605,5.62576919942693
nonrecursive,horizon,4,0.9054001346977647,1.7942599948788687,0.018898792437098053,576.2241814071197,1.6614981730835896
nonrecursive,horizon,5,1.059581410020397,2.078597830429629,-0.08069125658735375,-2460.276413348416,-5.402926065856501
nonrecursive,horizon,6,1.1628568253171703,2.3520091508775876,-0.016793546207762963,-512.0352238746927,-0.9721203369431439
nonrecursive,horizon,7,1.2302844872508154,2.5463191430505754,-0.10669133207207646,-3253.0187148776113,-5.765208178781766
nonrecursive,horizon,8,0.9996809491228593,2.063124917696048,-0.04466303993687666,-1361.7760876753694,-3.369231747427803
nonrecursive,horizon,9,0.9901139005789057,2.001410993653065,-0.025650587601142,-782.0864159588195,-1.9708349065313095
nonrecursive,horizon,10,0.9825391657511277,2.040073285218998,-0.018596758498209392,-567.0151666104043,-1.4489067476118065
nonrecursive,horizon,11,0.957006213277134,2.044379451647585,-0.01964090029226994,-598.8510499113105,-1.571127741398128
nonrecursive,horizon,12,1.0218587215123842,2.1020632081261654,-0.03916866648665048,-1194.2526411779731,-2.7631944497407988
nonrecursive,horizon,13,1.2049895829826056,2.5099124436565368,-0.1528942433350564,-4661.74547928587,-8.274308624930546
nonrecursive,horizon,14,1.202938221401595,2.449651590508927,-0.11216352635611475,-3419.8659185979386,-6.350018416885655
nonrecursive,horizon,15,1.039975643799977,2.214316490224548,-0.061756341892563314,-1882.9508643042554,-4.43809570392499
nonrecursive,horizon,16,0.9850658942845022,2.114635951405542,-0.017421829420749428,-531.19157903865,-1.359624200871919
nonrecursive,horizon,17,0.9189921191339204,1.778529139809621,0.055111628306755936,1680.3535470729885,4.774681178282581
nonrecursive,horizon,18,0.9454339895294853,1.9729688265317942,-0.008335548158927987,-254.15086336571432,-0.6772119250865046
nonrecursive,horizon,19,1.0216658901415014,2.137737378272072,0.014947461639130263,455.74810537708174,1.0905934704756797
nonrecursive,horizon,20,1.1133789452973815,2.2100124047586993,0.015179405885357343,462.8200854445454,0.9569912026891886
nonrecursive,horizon,21,1.1641950585553276,2.414575787827918,-0.09808767924022248,-2990.6933400343833,-5.791427846697101
nonrecursive,horizon,22,0.9732113654830072,2.0786307355981335,-0.03682771091062683,-1122.8769056650121,-2.9503584058041783
nonrecursive,horizon,23,0.9340183043807372,1.8599935702460844,-0.10333669402679775,-3150.7358008770634,-8.38630769464217
nonrecursive,horizon,24,0.9205655862061551,1.8141760869324264,-0.03973340815920279,-1211.471614774093,-3.4277554672045185
nonrecursive,horizon,25,0.90938203521763,1.7730541574516272,-0.02276133625415069,-693.9931423890546,-1.980969778177874
nonrecursive,horizon,26,0.9740474829582338,1.8992521066060057,-0.047872796449688906,-1459.6415637510147,-3.6025410660982176
nonrecursive,horizon,27,1.1131250562078505,2.2426436766792506,-0.03657063010515688,-1115.0385119062335,-2.277354911781041
nonrecursive,horizon,28,1.1302264531088662,2.205566342879396,-0.07362888354904924,-2244.9446594105116,-4.50837365078926
recursive,store_id,CA_1,1.143289664258977,2.1710770167841082,0.14313494518744996,12219.716540542977,9.550010973031906
recursive,store_id,CA_2,1.1217967345489432,2.040810359890848,-0.007316687661430649,-624.6402590316574,-0.49958830932461334
recursive,store_id,CA_3,1.3684155782162395,2.7092205065498245,0.14053078964791257,11997.394573821593,6.779261450298122
recursive,store_id,CA_4,0.8023107345461294,1.3941323471380938,0.05745310279896679,4904.886292153393,6.609200938047771
recursive,store_id,TX_1,0.8794434572958199,1.7173298208436807,0.0791279289793839,6755.309552827962,7.2813114952444185
recursive,store_id,TX_2,1.0004917614897584,1.8918894012521736,0.15055943392712118,12853.559993226188,11.67380523606905
recursive,store_id,TX_3,0.9760925598195264,1.87822904104647,0.11158535351833064,9526.264800566923,8.951405536981943
recursive,store_id,WI_1,0.9768864328018536,1.7032277116984027,0.05213123972327176,4450.548197655156,4.148496190057099
recursive,store_id,WI_2,1.2256755895904208,2.881836538088088,0.008805589240376806,751.7507646294487,0.4976504465970136
recursive,store_id,WI_3,0.9702746508571014,2.0095881337568318,0.008273287264968591,706.3070803848985,0.6317029607234582
recursive,cat_id,FOODS,1.3590738294438318,2.585419360575223,0.13292421570357196,53483.387430489216,6.762071509369859
recursive,cat_id,HOBBIES,0.7314533951154134,1.6404879995583017,0.012524894010832293,1981.438232513669,1.7887213899594392
recursive,cat_id,HOUSEHOLD,0.7874114670269504,1.4248915302916272,0.027549023992952636,8076.271873773995,2.8647388882569507
recursive,horizon,1,0.8901350735327659,1.7901173036842968,0.03881024160358506,1183.3242664933084,3.283272568722589
recursive,horizon,2,0.8948765616391559,1.9012152709842618,0.0709699332948993,2163.8732661614795,6.3912138292272775
recursive,horizon,3,0.8764904221905768,1.7087962332049618,0.12780228917294417,3896.691796883068,12.04206494911174
recursive,horizon,4,0.9283444985133215,1.79002323105217,0.12707557503035902,3874.5342826756464,11.171922039951692
recursive,horizon,5,1.083198879983805,2.0424095892599428,0.06483831527619101,1976.9202327710639,4.341444643295555
recursive,horizon,6,1.1940607101907117,2.3021726301885885,0.15133507662480136,4614.206486290193,8.760264440860785
recursive,horizon,7,1.2617403535413052,2.4622976004009685,0.0706976588021504,2155.5716168775657,3.8202421211831026
recursive,horizon,8,1.0215181531588342,2.038365921899289,0.06140614415752181,1872.27333536284,4.632276053646494
recursive,horizon,9,1.01694218130801,1.9927905812869409,0.07476222475153062,2279.5002326741687,5.744273952761053
recursive,horizon,10,1.0078357680787513,2.0431365621582414,0.08144038379942778,2483.117302044553,6.345166101202415
recursive,horizon,11,0.9840183233272876,2.0292218768786374,0.07538486875547847,2298.4846483545384,6.030235723461376
recursive,horizon,12,1.0518728678232057,2.1047519963946812,0.06742046895164382,2055.65009833562,4.756247335343869
recursive,horizon,13,1.229815697451666,2.492957317610628,0.0069762516449201105,212.70591265361418,0.3775397810678278
recursive,horizon,14,1.236175282100181,2.4531607121798853,0.03713112769912841,1132.1280835464252,2.1021391925624355
recursive,horizon,15,1.0696654146962201,2.2161028132073604,0.04995512114131257,1523.1316435986203,3.590005523837698
recursive,horizon,16,1.018649293469791,2.1204380496174156,0.08160237042133181,2488.056274146407,6.368364365984301
recursive,horizon,17,0.955871895250214,1.8279853440549352,0.1435200685070953,4375.926888781336,12.434083166485767
recursive,horizon,18,0.9830517000186899,2.006959131326523,0.09064595473955135,2763.795160008921,7.364425271147435
recursive,horizon,19,1.0597415253407838,2.1741014784588275,0.1314179586940708,4006.9335605822184,9.588488742449492
recursive,horizon,20,1.1591245854907732,2.2177543315402923,0.16288617218885793,4966.399390038278,10.269218374009096
recursive,horizon,21,1.2010536805576209,2.4086437366048123,0.05011226130057542,1527.9228470545445,2.9587971476656554
recursive,horizon,22,1.0059035227863036,2.0631987272860695,0.06579970551806015,2006.2330212456538,5.271376077263338
recursive,horizon,23,0.9623141239037685,1.8475117446767473,-0.01672155453634023,-509.84019781301356,-1.3570407181608026
recursive,horizon,24,0.9463530497091117,1.806723261262425,0.03960215803506293,1207.4697984890688,3.416432669804682
recursive,horizon,25,0.9387524356024727,1.7948360833505712,0.05870041856788237,1789.7757621347334,5.108828139567646
recursive,horizon,26,1.0032445413468165,1.8974427345107134,0.03936458628040138,1200.2262356894382,2.962278144209685
recursive,horizon,27,1.1488662171194346,2.244288423965909,0.08189035477854732,2496.836917197908,5.09954029083352
recursive,horizon,28,1.171479299457777,2.2627593455734583,0.049171816152793826,1499.2486744986838,3.010841800378921
ensemble,store_id,CA_1,1.107052921387184,2.1086396199229522,0.043810557566818065,3740.1949205943915,2.923054918209051
ensemble,store_id,CA_2,1.0991775614885961,2.012394790678558,-0.08415987064144861,-7184.896476401751,-5.74649205109273
ensemble,store_id,CA_3,1.354035475658,2.6688331170175887,0.0928514731958029,7926.915969672085,4.47919217145768
ensemble,store_id,CA_4,0.7838562616375256,1.3832478483779962,0.0055211714802781715,471.353451614308,0.635135962182243
ensemble,store_id,TX_1,0.8637884727338475,1.7319284871048175,0.01882989068691996,1607.5454277237309,1.7327168963134119
ensemble,store_id,TX_2,0.9803671560700746,1.8762266498372797,0.08775476910576104,7491.8001480970315,6.804170661087526
ensemble,store_id,TX_3,0.9531876969257113,1.8423424095856231,0.04974972926910832,4247.233887162315,3.99093597861562
ensemble,store_id,WI_1,0.9569002881720553,1.679369867332565,-0.007191222041249225,-613.9290081055289,-0.5722625703577789
ensemble,store_id,WI_2,1.2009795740133133,2.8673660969974253,-0.057903484215654964,-4943.336254458895,-3.2724323146159775
ensemble,store_id,WI_3,0.9505154320327724,1.991175914273345,-0.06273656673016544,-5355.946174887684,-4.790221066888189
ensemble,cat_id,FOODS,1.3212180521929717,2.540134161508042,0.016346105034644797,6577.01882173968,0.831553006040934
ensemble,cat_id,HOBBIES,0.7229243965236186,1.6421324264239179,-0.005955058429783528,-942.0902435917542,-0.8504615194826892
ensemble,cat_id,HOUSEHOLD,0.7814135101386462,1.4324719651160458,0.005976283643273576,1752.0073128620816,0.6214554883875147
ensemble,horizon,1,0.9064369638804738,1.7807123599748098,0.01898061931063527,578.7190827812694,1.6057242662003537
ensemble,horizon,2,0.887129567061513,1.885459905656932,0.03327224781744683,1014.470835953954,2.9963400063619163
ensemble,horizon,3,0.8635320080614685,1.6911993434326005,0.08694464781563672,2650.942311898764,8.192287499300855
ensemble,horizon,4,0.9073644747934175,1.758955457640344,0.062169505474402434,1895.5482219145301,5.46566771983083
ensemble,horizon,5,1.05963935895723,2.0215846625358,-0.022479427841935844,-685.3977549006239,-1.5051777821956778
ensemble,horizon,6,1.1640075732384751,2.287213193933787,0.05045790292526278,1538.4614601912622,2.9208335741784293
ensemble,horizon,7,1.2337108547071702,2.468970575061063,-0.03573573572238571,-1089.5825821755404,-1.9310280587958182
ensemble,horizon,8,1.0035181187896522,2.0258410429232017,-0.002235366299117261,-68.15631846008529,-0.16862862699808323
ensemble,horizon,9,0.9957537069688388,1.968682360392873,0.014514537339927046,442.54824349437564,1.1152086371856353
ensemble,horizon,10,0.9878452037377239,2.0123199412260395,0.021418098420845483,653.0378208515788,1.6687223919138825
ensemble,horizon,11,0.961820016900928,2.0097070345464343,0.01836940732682943,560.0832293950293,1.4694176445456746
ensemble,horizon,12,1.027129322132898,2.0685106010907206,0.0034669876886672386,105.7084546274641,0.24458226429306829
ensemble,horizon,13,1.2066230500822435,2.46238221071542,-0.08894604534306581,-2711.9649225100766,-4.813569262531197
ensemble,horizon,14,1.2095866452925004,2.4218252610791806,-0.05244566473401749,-1599.0683177401932,-2.9691553731064193
ensemble,horizon,15,1.0471572731552772,2.1922449637109,-0.017071756679012954,-520.5178611431049,-1.2268552128199142
ensemble,horizon,16,0.9942948202387243,2.094525599706925,0.022187850516083074,676.5075622353729,1.7315712258705698
ensemble,horizon,17,0.9300451520204281,1.77772360135389,0.0904750043868917,2758.5828837563276,7.838441973563856
ensemble,horizon,18,0.9570010364655647,1.9652563135470262,0.031257053000463754,953.0275459841398,2.5394429534070717
ensemble,horizon,19,1.0328801526466669,2.1280315171577295,0.06153566046110649,1876.2222874591369,4.489751579265206
ensemble,horizon,20,1.1264797619414724,2.186184075436237,0.07426211240675759,2264.251807282039,4.681882071217152
ensemble,horizon,21,1.1738544946993177,2.387423841159138,-0.038807703023903316,-1183.2468651988122,-2.291337848951999
ensemble,horizon,22,0.9835372353337744,2.054811621991924,0.004223255660847958,128.76706509925424,0.3383353874228283
ensemble,horizon,23,0.9423402096434628,1.8385480334469435,-0.06869063823061473,-2094.3775596514433,-5.574600904049623
ensemble,horizon,24,0.9281026972980871,1.7957818790628193,-0.007999181681496504,-243.89504946882843,-0.6900802124008387
ensemble,horizon,25,0.9186299017203555,1.7653869588663322,0.00982336567466253,299.5144194204605,0.8549493889203337
ensemble,horizon,26,0.982807190725578,1.87889428112184,-0.012977843357652787,-395.69444397483346,-0.9766133819750561
ensemble,horizon,27,1.124668534775576,2.221063268320681,0.010813763848324807,329.7116597354234,0.6734031692647837
ensemble,horizon,28,1.143715027064607,2.2064905800966357,-0.02450860366831201,-747.2673258468332,-1.5006874703219863
last_week,store_id,CA_1,1.3302605069577849,2.8064778214452315,-0.024305392868856298,-2075.0,-1.6216638662029619
last_week,store_id,CA_2,1.3559129456964814,2.7282918370689773,0.0025886707585625265,221.0,0.17675616447121115
last_week,store_id,CA_3,1.6778334817036031,3.602720525302026,0.03560886473316778,3040.0,1.7177858644305313
last_week,store_id,CA_4,0.9335027877992784,1.9413970820959356,-0.00333833106873448,-285.0,-0.3840297521997494
last_week,store_id,TX_1,1.0056224523262896,2.3108985424027804,-0.0018272970060441362,-156.0,-0.16814693455203933
last_week,store_id,TX_2,1.1758656233894016,2.515961322921697,0.06880476034296959,5874.0,5.3348591357419215
last_week,store_id,TX_3,1.1366255915288386,2.5872535433772668,-0.006770369676240453,-578.0,-0.5431207832966868
last_week,store_id,WI_1,1.1772829499133206,2.379069247021887,-0.012896500023426885,-1101.0,-1.0262767871291283
last_week,store_id,WI_2,1.418685283231036,3.6522417618611196,-0.31054678348873166,-26512.0,-17.55064212895538
last_week,store_id,WI_3,1.1119570819472426,2.5912571641331574,-0.1431616923581502,-12222.0,-10.931043734907432
last_week,cat_id,FOODS,1.6178546575206283,3.4289451406826146,-0.02155283825429963,-8672.0,-1.0964280115104712
last_week,cat_id,HOBBIES,0.8312010113780025,2.1824608293868275,-0.052806573957016434,-8354.0,-7.541480852907722
last_week,cat_id,HOUSEHOLD,0.9197366625733387,1.862008592744465,-0.057197434847864645,-16768.0,-5.947786606129398
last_week,horizon,1,1.105641193834044,2.3629714298640088,0.043260085273860285,1319.0,3.6597208734496824
last_week,horizon,2,1.0676287307313874,2.4400318296317915,0.05306657920629715,1618.0,4.778923117819063
last_week,horizon,3,1.0490980649393244,2.3205486170077023,0.07959986880944572,2427.0,7.500231774776724
last_week,horizon,4,1.052935388652017,2.3170054525125265,-0.022236798950475565,-678.0,-1.9549609296156396
last_week,horizon,5,1.2669399803214167,2.7077806577567323,0.002459822892751722,75.0,0.16470484891075193
last_week,horizon,6,1.4363725811741554,3.201708096110457,0.039061987536897345,1191.0,2.261163426488457
last_week,horizon,7,1.438471630042637,3.1892787354012584,-0.3301082322072811,-10065.0,-17.83783783783784
last_week,horizon,8,1.1738274844211216,2.5702590436234836,-0.1002951787471302,-3058.0,-7.565935969122668
last_week,horizon,9,1.154148901279108,2.5869972818007763,-0.1380124631026566,-4208.0,-10.60403699317088
last_week,horizon,10,1.155591997376189,2.6715340404386945,-0.14260413250245982,-4348.0,-11.110543261613941
last_week,horizon,11,1.1082650049196459,2.508646902561561,-0.13489668743850441,-4113.0,-10.79074404449575
last_week,horizon,12,1.2782223679895048,2.872843637826317,0.07841915382092489,2391.0,5.53216103655715
last_week,horizon,13,1.4967858314201377,3.3642195389029492,-0.08123975073794687,-2477.0,-4.396521121760738
last_week,horizon,14,1.4363397835355853,3.2702782114355693,-0.2458510987208921,-7496.0,-13.918597742127155
last_week,horizon,15,1.2173499508035421,2.743889122617523,-0.16618563463430633,-5067.0,-11.942866570815754
last_week,horizon,16,1.1745490324696621,2.7292735437743274,-0.1178747130206625,-3594.0,-9.199109268217768
last_week,horizon,17,1.1008527386028206,2.3550744915900244,-0.013348638897999344,-407.0,-1.1564799818145655
last_week,horizon,18,1.1094785175467365,2.524345220655626,-0.11564447359790095,-3526.0,-9.395400889978417
last_week,horizon,19,1.2766152836995737,2.9488478274314747,0.12535257461462776,3822.0,9.145947498145444
last_week,horizon,20,1.415578878320761,3.087958394300798,0.1804198097736963,5501.0,11.37463297630371
last_week,horizon,21,1.3835355854378484,3.1274134661922823,-0.1731715316497212,-5280.0,-10.224632068164214
last_week,horizon,22,1.164217776320105,2.5639668245390443,-0.022925549360446048,-699.0,-1.8366220867600305
last_week,horizon,23,1.137258117415546,2.462529956797938,-0.06871105280419809,-2095.0,-5.57625765238222
last_week,horizon,24,1.1180387012135127,2.3866428897871583,-0.01826828468350279,-557.0,-1.5759839289251054
last_week,horizon,25,1.0813381436536569,2.319368163585757,-0.033781567727123644,-1030.0,-2.9400850626552106
last_week,horizon,26,1.2673663496228271,2.7579516215128654,0.16707117087569695,5094.0,12.572500431917467
last_week,horizon,27,1.4405706789111183,3.189031916652966,0.16074122663168253,4901.0,10.009803521097995
last_week,horizon,28,1.3989176779271892,3.125792782351813,-0.11265988848802887,-3435.0,-6.89828296013656
weekday_mean_4weeks,store_id,CA_1,1.1415862343625545,2.281154856382764,-0.03173171531649721,-2709.0,-2.1171505607440118
weekday_mean_4weeks,store_id,CA_2,1.148760717799747,2.179278152978737,-0.11397179403082978,-9730.0,-7.782070046628436
weekday_mean_4weeks,store_id,CA_3,1.4577320432928829,3.02894145957843,0.047006044136250764,4013.0,2.2675903532762245
weekday_mean_4weeks,store_id,CA_4,0.8079756828936888,1.5097102499004105,-0.015660872417185962,-1337.0,-1.801571153301982
weekday_mean_4weeks,store_id,TX_1,0.8818289368879726,1.8560205053783116,-0.001335332427493792,-114.0,-0.12287660601879796
weekday_mean_4weeks,store_id,TX_2,1.01579557700417,2.0337313849907046,0.07128801012041419,6086.0,5.527400868254228
weekday_mean_4weeks,store_id,TX_3,0.9913964765965422,2.0207670013553205,0.018764934638991707,1602.0,1.5053278457461803
weekday_mean_4weeks,store_id,WI_1,0.9963512627090849,1.818901653069603,-0.009968139436817692,-851.0,-0.7932439108509428
weekday_mean_4weeks,store_id,WI_2,1.2973223070796045,3.272692161791292,-0.03856065220446985,-3292.0,-2.179266516615914
weekday_mean_4weeks,store_id,WI_3,0.9997891580377641,2.1951622737395695,-0.014372393759077918,-1227.0,-1.0973973705393079
weekday_mean_4weeks,cat_id,FOODS,1.3864201212844218,2.8168859192265088,-2.7338701660204793e-05,-11.0,-0.0013907643134934483
weekday_mean_4weeks,cat_id,HOBBIES,0.7485398230088496,1.7999855140588616,-0.030587863463969658,-4839.0,-4.368353584776211
weekday_mean_4weeks,cat_id,HOUSEHOLD,0.8204103561195252,1.5740269655416166,-0.009240687679083094,-2709.0,-0.960910896708286
weekday_mean_4weeks,horizon,1,0.9897835355854379,2.047192479522267,0.10701869465398492,3263.0,9.053577869648455
weekday_mean_4weeks,horizon,2,0.9590931452935388,2.1266712988568393,0.1182928829124303,3606.75,10.652893050181646
weekday_mean_4weeks,horizon,3,0.9332896031485733,1.9285798665697707,0.14304690062315514,4361.5,13.478475849068266
weekday_mean_4weeks,horizon,4,0.9651525090193506,1.9896202857833263,0.08210888816005248,2503.5,7.218649981257749
weekday_mean_4weeks,horizon,5,1.0808871761233192,2.159944338197821,-0.13667595933092816,-4167.25,-9.151550421644414
weekday_mean_4weeks,horizon,6,1.1893981633322401,2.4893990556454795,-0.0460068875040997,-1402.75,-2.6631796780072903
weekday_mean_4weeks,horizon,7,1.232781239750738,2.59222321324274,-0.1875696949819613,-5719.0,-10.135578201151972
weekday_mean_4weeks,horizon,8,1.0473269924565431,2.196567733190564,-0.03653656936700558,-1114.0,-2.7561977336830124
weekday_mean_4weeks,horizon,9,1.0225073794686783,2.1722372590812675,-0.07278615939652346,-2219.25,-5.59244512763652
weekday_mean_4weeks,horizon,10,1.0180714988520827,2.267674106016718,-0.07915710068875041,-2413.5,-6.167271426381152
weekday_mean_4weeks,horizon,11,0.9929977041653001,2.1797043423378684,-0.030551000327976387,-931.5,-2.4438555986987094
weekday_mean_4weeks,horizon,12,1.062192522138406,2.265240736715888,-0.060716628402755005,-1851.25,-4.283317908375752
weekday_mean_4weeks,horizon,13,1.242087569694982,2.620690014640609,-0.16630862577894392,-5070.75,-9.000266240681576
weekday_mean_4weeks,horizon,14,1.2319776976057724,2.5813097552359388,-0.10331256149557232,-3150.0,-5.848930481283422
weekday_mean_4weeks,horizon,15,1.085716628402755,2.384116429874412,-0.1024270252541817,-3123.0,-7.36087868574257
weekday_mean_4weeks,horizon,16,1.040480485405051,2.3289961584202694,-0.052648409314529354,-1605.25,-4.108756302951189
weekday_mean_4weeks,horizon,17,0.9706133158412594,1.970877882088822,0.05009839291571007,1527.5,4.340351774500611
weekday_mean_4weeks,horizon,18,1.0045096753033782,2.2422884502802964,-0.01129878648737291,-344.5,-0.9179567800900637
weekday_mean_4weeks,horizon,19,1.0707855034437521,2.387064135834314,-0.013783207609052148,-420.25,-1.0056474191772955
weekday_mean_4weeks,horizon,20,1.1838061659560513,2.4095429909809396,0.09535093473269925,2907.25,6.01143459741119
weekday_mean_4weeks,horizon,21,1.2182190882256478,2.5878449760763,-0.030632994424401445,-934.0,-1.8086754453911695
weekday_mean_4weeks,horizon,22,1.0415054116103641,2.2565527190445795,0.04083306001967858,1245.0,3.271236763971728
weekday_mean_4weeks,horizon,23,1.0126352902591014,2.11735137879049,-0.0034847490980649395,-106.25,-0.2828054298642534
weekday_mean_4weeks,horizon,24,1.0062807477861595,2.065110419073253,0.04517874713020663,1377.5,3.897518603400956
weekday_mean_4weeks,horizon,25,0.9860282059691702,2.003018180174167,0.0705641193834044,2151.5,6.141352439128822
weekday_mean_4weeks,horizon,26,1.0445965890455886,2.101533217959125,0.027935388652017053,851.75,2.102204013130291
weekday_mean_4weeks,horizon,27,1.2154230895375533,2.5299149029566257,0.07567235159068547,2307.25,4.712327927780728
weekday_mean_4weeks,horizon,28,1.2197605772384388,2.526006094432708,0.029878648737290917,911.0,1.8295009539110352
