feature,gain,split,mode,store
enc_item_id_state_id_mean,59568708.12932587,2469,nonrecursive,CA_1
rolling_mean_30,57348696.56952858,2197,nonrecursive,CA_1
rolling_mean_14,28919370.89752769,1686,nonrecursive,CA_1
item_id,18714534.452259064,51354,nonrecursive,CA_1
rolling_mean_60,14139247.421121595,2749,nonrecursive,CA_1
rolling_mean_7,11223712.97135353,1931,nonrecursive,CA_1
enc_item_id_state_id_std,5069432.223268509,1637,nonrecursive,CA_1
rolling_std_30,3470711.8273715973,1498,nonrecursive,CA_1
rolling_mean_180,1929054.6802577968,3343,nonrecursive,CA_1
tm_dw,1916876.353061676,2560,nonrecursive,CA_1
sales_lag_28,1501838.867843628,1405,nonrecursive,CA_1
rolling_std_60,1120253.9281959534,1581,nonrecursive,CA_1
tm_w_end,939926.4754695892,719,nonrecursive,CA_1
rolling_std_180,901131.0173511504,2475,nonrecursive,CA_1
tm_w,868028.0456104279,5250,nonrecursive,CA_1
price_momentum_m,799838.7565422058,3843,nonrecursive,CA_1
event_name_1,748546.273059845,2014,nonrecursive,CA_1
price_momentum_y,739093.9614028931,3595,nonrecursive,CA_1
rolling_std_14,665714.2811012268,1042,nonrecursive,CA_1
sales_lag_35,490164.9642715454,764,nonrecursive,CA_1
price_norm,464659.1316432953,2419,nonrecursive,CA_1
tm_m,384795.7248516083,2213,nonrecursive,CA_1
sell_price,382414.6578388214,1689,nonrecursive,CA_1
item_nunique,343081.9820346832,1923,nonrecursive,CA_1
rolling_std_7,339289.582654953,1078,nonrecursive,CA_1
price_std,325614.9511585236,1829,nonrecursive,CA_1
tm_y,319347.9265918732,1912,nonrecursive,CA_1
sales_lag_29,305508.9827346802,794,nonrecursive,CA_1
tm_d,272230.4903526306,1927,nonrecursive,CA_1
sales_lag_42,251169.3081569672,849,nonrecursive,CA_1
price_max,228619.56930923465,1594,nonrecursive,CA_1
price_mean,227800.21034431455,1148,nonrecursive,CA_1
enc_store_id_dept_id_mean,216979.02472305295,592,nonrecursive,CA_1
price_min,213858.26698875427,1327,nonrecursive,CA_1
dept_id,206492.47202682492,1326,nonrecursive,CA_1
price_nunique,190404.1419906616,883,nonrecursive,CA_1
release,152132.22831726074,836,nonrecursive,CA_1
sales_lag_31,135538.25938034058,522,nonrecursive,CA_1
price_momentum,111065.97649002077,757,nonrecursive,CA_1
enc_store_id_dept_id_std,96300.36566925047,450,nonrecursive,CA_1
snap_CA,85786.24270439148,383,nonrecursive,CA_1
sales_lag_41,85194.36802482605,656,nonrecursive,CA_1
sales_lag_36,76769.72151565552,563,nonrecursive,CA_1
sales_lag_40,75107.60405921936,586,nonrecursive,CA_1
sales_lag_33,68698.45656013489,516,nonrecursive,CA_1
sales_lag_30,62773.00819778442,499,nonrecursive,CA_1
sales_lag_39,62664.66682434082,574,nonrecursive,CA_1
sales_lag_34,60725.28997612,513,nonrecursive,CA_1
sales_lag_38,60283.82935142517,484,nonrecursive,CA_1
event_type_1,58060.21755981445,350,nonrecursive,CA_1
tm_wm,55705.53837585449,421,nonrecursive,CA_1
sales_lag_32,46896.29095649719,474,nonrecursive,CA_1
sales_lag_37,42059.10851097107,413,nonrecursive,CA_1
cat_id,40462.17468261719,273,nonrecursive,CA_1
snap_TX,6204.84568977356,60,nonrecursive,CA_1
snap_WI,2840.8599033355717,40,nonrecursive,CA_1
event_name_2,588.3400001525879,10,nonrecursive,CA_1
event_type_2,378.48150634765625,5,nonrecursive,CA_1
rolling_mean_14,35806391.115880966,1943,nonrecursive,CA_2
rolling_mean_30,35643937.25022507,2398,nonrecursive,CA_2
item_id,16975677.796089172,52810,nonrecursive,CA_2
rolling_mean_7,12064062.74200058,1834,nonrecursive,CA_2
rolling_mean_60,10486093.532016754,3116,nonrecursive,CA_2
rolling_std_30,6970466.383415222,1636,nonrecursive,CA_2
enc_item_id_state_id_mean,6466080.527374268,2914,nonrecursive,CA_2
enc_item_id_state_id_std,2340787.910783768,2093,nonrecursive,CA_2
rolling_mean_180,2052530.168762207,3435,nonrecursive,CA_2
tm_dw,1925722.0466365812,2062,nonrecursive,CA_2
tm_w_end,1063006.6537017822,689,nonrecursive,CA_2
rolling_std_14,1048922.799036026,1275,nonrecursive,CA_2
rolling_std_180,899704.080619812,2627,nonrecursive,CA_2
rolling_std_60,886237.0350532532,1618,nonrecursive,CA_2
sales_lag_28,797696.3664321899,978,nonrecursive,CA_2
tm_w,698891.9677295685,5191,nonrecursive,CA_2
event_name_1,660011.433719635,2274,nonrecursive,CA_2
tm_y,506691.3348178864,2542,nonrecursive,CA_2
price_momentum_y,504612.0931930542,3166,nonrecursive,CA_2
price_momentum_m,502872.1253852844,3586,nonrecursive,CA_2
item_nunique,350847.5836658478,2045,nonrecursive,CA_2
sales_lag_35,320056.77258110046,722,nonrecursive,CA_2
rolling_std_7,315584.5645313263,1133,nonrecursive,CA_2
sell_price,294567.40856170654,1634,nonrecursive,CA_2
tm_m,290311.59063720703,1940,nonrecursive,CA_2
price_norm,288905.1248245239,2210,nonrecursive,CA_2
price_std,243353.8020210266,1875,nonrecursive,CA_2
dept_id,206413.91556167605,1496,nonrecursive,CA_2
price_min,197541.28839683533,1444,nonrecursive,CA_2
sales_lag_42,186130.86786842343,605,nonrecursive,CA_2
price_max,176367.08400535583,1507,nonrecursive,CA_2
release,163600.2312965393,1011,nonrecursive,CA_2
enc_store_id_dept_id_mean,162058.71507835388,760,nonrecursive,CA_2
price_mean,149506.2686958313,1062,nonrecursive,CA_2
sales_lag_29,140237.1031589508,565,nonrecursive,CA_2
price_nunique,124854.17652893066,903,nonrecursive,CA_2
price_momentum,121939.84873199464,771,nonrecursive,CA_2
tm_d,119725.72449111938,1203,nonrecursive,CA_2
enc_store_id_dept_id_std,61589.923501968384,460,nonrecursive,CA_2
sales_lag_36,55721.44735908508,406,nonrecursive,CA_2
sales_lag_31,53799.068296432495,423,nonrecursive,CA_2
sales_lag_34,46193.726512908936,438,nonrecursive,CA_2
sales_lag_41,44907.13575744629,420,nonrecursive,CA_2
cat_id,44842.93080711365,400,nonrecursive,CA_2
sales_lag_33,43226.00720787048,388,nonrecursive,CA_2
sales_lag_39,40279.902795791626,437,nonrecursive,CA_2
sales_lag_40,38126.71640014648,428,nonrecursive,CA_2
sales_lag_38,35230.324058532715,379,nonrecursive,CA_2
sales_lag_30,33482.869104385376,344,nonrecursive,CA_2
sales_lag_37,32954.3067779541,346,nonrecursive,CA_2
event_type_1,29275.70336341858,254,nonrecursive,CA_2
sales_lag_32,24598.567892074585,325,nonrecursive,CA_2
tm_wm,21104.708724975582,240,nonrecursive,CA_2
snap_CA,8102.580009460449,83,nonrecursive,CA_2
snap_TX,6829.538494110107,87,nonrecursive,CA_2
snap_WI,3562.4109897613525,60,nonrecursive,CA_2
event_name_2,388.9369926452637,7,nonrecursive,CA_2
event_type_2,97.62540054321288,2,nonrecursive,CA_2
enc_item_id_state_id_mean,91361137.81905746,2486,nonrecursive,CA_3
rolling_mean_14,68294699.17998505,1773,nonrecursive,CA_3
rolling_mean_30,57158361.73100662,2239,nonrecursive,CA_3
item_id,22519036.279655457,49664,nonrecursive,CA_3
rolling_mean_7,19169390.494033813,1859,nonrecursive,CA_3
rolling_mean_60,17815236.328084946,2847,nonrecursive,CA_3
enc_item_id_state_id_std,14339433.694984436,1976,nonrecursive,CA_3
rolling_std_30,7404941.53320694,1669,nonrecursive,CA_3
price_momentum_y,2433474.019542694,4045,nonrecursive,CA_3
rolling_mean_180,2417027.038602829,3260,nonrecursive,CA_3
sales_lag_28,1772053.6689186096,1329,nonrecursive,CA_3
rolling_std_60,1601775.128993988,1739,nonrecursive,CA_3
tm_dw,1283656.5986480713,2521,nonrecursive,CA_3
rolling_std_14,1121143.943655014,1126,nonrecursive,CA_3
tm_w,1102131.257862091,5176,nonrecursive,CA_3
event_name_1,924437.156085968,1949,nonrecursive,CA_3
rolling_std_180,910331.7761917114,2529,nonrecursive,CA_3
price_momentum_m,811494.2006072998,3125,nonrecursive,CA_3
tm_y,728286.3388290405,2257,nonrecursive,CA_3
price_norm,714850.7766532898,2523,nonrecursive,CA_3
tm_w_end,605357.3112716675,778,nonrecursive,CA_3
price_momentum,536112.7003097534,1486,nonrecursive,CA_3
sales_lag_29,523267.8884048462,838,nonrecursive,CA_3
item_nunique,482417.2518920898,1919,nonrecursive,CA_3
tm_m,468147.66164779663,1967,nonrecursive,CA_3
sell_price,432675.6211166382,1523,nonrecursive,CA_3
sales_lag_35,421676.7431221008,815,nonrecursive,CA_3
rolling_std_7,376164.52434158325,999,nonrecursive,CA_3
price_std,365060.0690803528,1488,nonrecursive,CA_3
tm_d,360611.1438102722,1873,nonrecursive,CA_3
sales_lag_42,322262.0655193329,928,nonrecursive,CA_3
price_nunique,295394.27839279175,702,nonrecursive,CA_3
sales_lag_31,281186.10553359985,674,nonrecursive,CA_3
enc_store_id_dept_id_mean,268481.0351791382,628,nonrecursive,CA_3
price_max,255694.3430328369,1343,nonrecursive,CA_3
sales_lag_36,238441.96018218997,680,nonrecursive,CA_3
price_mean,238122.67100524905,1002,nonrecursive,CA_3
dept_id,231669.7183113098,1230,nonrecursive,CA_3
price_min,229114.8685531616,1166,nonrecursive,CA_3
release,208099.1388435364,838,nonrecursive,CA_3
sales_lag_30,163471.18656158447,665,nonrecursive,CA_3
sales_lag_34,154129.8480834961,638,nonrecursive,CA_3
sales_lag_33,153034.27956962585,693,nonrecursive,CA_3
snap_CA,135966.33828353882,450,nonrecursive,CA_3
enc_store_id_dept_id_std,129731.95239639282,461,nonrecursive,CA_3
sales_lag_41,109679.37686157228,655,nonrecursive,CA_3
sales_lag_39,91368.91113853456,705,nonrecursive,CA_3
sales_lag_32,89920.85252761841,665,nonrecursive,CA_3
sales_lag_40,86799.93843841553,651,nonrecursive,CA_3
sales_lag_37,82721.7774887085,606,nonrecursive,CA_3
tm_wm,79850.18050956726,409,nonrecursive,CA_3
sales_lag_38,79617.49743652344,596,nonrecursive,CA_3
event_type_1,65762.12279701233,321,nonrecursive,CA_3
cat_id,59317.76585197449,365,nonrecursive,CA_3
snap_TX,16715.614681243896,84,nonrecursive,CA_3
snap_WI,5460.562770843506,63,nonrecursive,CA_3
event_type_2,298.9624938964844,3,nonrecursive,CA_3
event_name_2,58.74580001831055,1,nonrecursive,CA_3
rolling_mean_30,39866946.13211632,2244,nonrecursive,CA_4
rolling_mean_14,15403490.266290665,1907,nonrecursive,CA_4
rolling_mean_60,13125572.72487259,3072,nonrecursive,CA_4
item_id,11822010.521245956,52684,nonrecursive,CA_4
enc_item_id_state_id_mean,7750368.38189888,2836,nonrecursive,CA_4
rolling_mean_7,4751746.927219391,1752,nonrecursive,CA_4
rolling_std_30,4132261.380290985,1621,nonrecursive,CA_4
rolling_mean_180,2153838.961494446,3944,nonrecursive,CA_4
enc_item_id_state_id_std,1248433.7545166016,1846,nonrecursive,CA_4
rolling_std_60,1106491.759059906,1558,nonrecursive,CA_4
rolling_std_180,788613.9144439697,2651,nonrecursive,CA_4
tm_w,455794.4300498962,4970,nonrecursive,CA_4
event_name_1,455785.5700817108,2561,nonrecursive,CA_4
rolling_std_14,440446.11249923706,1191,nonrecursive,CA_4
price_momentum_m,408299.5896987915,3786,nonrecursive,CA_4
price_momentum_y,377866.47560691833,3291,nonrecursive,CA_4
tm_dw,372388.7527523041,2324,nonrecursive,CA_4
sales_lag_28,257636.86824417117,913,nonrecursive,CA_4
price_norm,251797.6422519684,2389,nonrecursive,CA_4
rolling_std_7,201197.1753501892,1089,nonrecursive,CA_4
sell_price,200902.8498802185,1656,nonrecursive,CA_4
item_nunique,197668.91501617432,2001,nonrecursive,CA_4
tm_m,197601.83921432492,1976,nonrecursive,CA_4
tm_y,188093.21981811523,1894,nonrecursive,CA_4
price_std,183735.8347930908,1927,nonrecursive,CA_4
dept_id,152720.32377815247,1367,nonrecursive,CA_4
tm_w_end,150842.50388336182,719,nonrecursive,CA_4
price_max,138086.82867622375,1551,nonrecursive,CA_4
price_mean,128557.6942024231,1155,nonrecursive,CA_4
enc_store_id_dept_id_mean,120865.91215896606,689,nonrecursive,CA_4
price_min,118024.40867996216,1342,nonrecursive,CA_4
price_nunique,110030.17295265198,762,nonrecursive,CA_4
release,87261.90559387207,1020,nonrecursive,CA_4
sales_lag_35,82183.00238800049,644,nonrecursive,CA_4
price_momentum,76371.38263893127,868,nonrecursive,CA_4
tm_d,75084.12926483154,1203,nonrecursive,CA_4
sales_lag_29,71340.44884490967,604,nonrecursive,CA_4
sales_lag_42,71072.80318832397,635,nonrecursive,CA_4
cat_id,51280.183586120605,363,nonrecursive,CA_4
enc_store_id_dept_id_std,47121.97515678406,490,nonrecursive,CA_4
sales_lag_33,43121.50730133057,384,nonrecursive,CA_4
sales_lag_39,29843.780239105225,533,nonrecursive,CA_4
sales_lag_31,28921.45850753784,362,nonrecursive,CA_4
sales_lag_36,28619.096450805664,445,nonrecursive,CA_4
sales_lag_41,28454.25086593628,427,nonrecursive,CA_4
event_type_1,27649.473476409912,318,nonrecursive,CA_4
sales_lag_34,26576.891386032104,414,nonrecursive,CA_4
sales_lag_40,24879.860080718998,444,nonrecursive,CA_4
sales_lag_30,23998.14678001404,399,nonrecursive,CA_4
sales_lag_38,22344.401695251465,401,nonrecursive,CA_4
sales_lag_37,22026.65731239319,421,nonrecursive,CA_4
sales_lag_32,18383.083974838257,379,nonrecursive,CA_4
tm_wm,16202.340803146362,286,nonrecursive,CA_4
snap_CA,11879.141582489014,154,nonrecursive,CA_4
snap_TX,3220.612371444702,60,nonrecursive,CA_4
snap_WI,3030.010992050171,72,nonrecursive,CA_4
event_name_2,95.68499755859376,3,nonrecursive,CA_4
event_type_2,89.1885986328125,3,nonrecursive,CA_4
enc_item_id_state_id_mean,56712871.4214859,2630,nonrecursive,TX_1
rolling_mean_30,53754434.18367386,2439,nonrecursive,TX_1
item_id,15279358.47385025,49091,nonrecursive,TX_1
rolling_mean_14,14329851.235494614,1981,nonrecursive,TX_1
rolling_mean_60,13173176.66083336,2947,nonrecursive,TX_1
enc_item_id_state_id_std,10996632.857709885,1914,nonrecursive,TX_1
rolling_mean_7,7510714.475049972,1984,nonrecursive,TX_1
rolling_mean_180,1574153.841047287,3592,nonrecursive,TX_1
rolling_std_30,1397436.8566112518,1783,nonrecursive,TX_1
sales_lag_28,1036624.031671524,1099,nonrecursive,TX_1
tm_dw,942173.2860622406,2354,nonrecursive,TX_1
rolling_std_60,917693.4540977478,1844,nonrecursive,TX_1
rolling_std_14,617204.5197639465,1390,nonrecursive,TX_1
price_momentum_m,615227.9959526062,3807,nonrecursive,TX_1
rolling_std_180,613638.8742179871,2503,nonrecursive,TX_1
tm_w,609625.34116745,5000,nonrecursive,TX_1
event_name_1,550905.997505188,2028,nonrecursive,TX_1
tm_w_end,469778.7471752167,837,nonrecursive,TX_1
price_momentum_y,453722.7776470184,3241,nonrecursive,TX_1
item_nunique,341150.2727088928,2172,nonrecursive,TX_1
rolling_std_7,307373.14627456665,1307,nonrecursive,TX_1
price_norm,298811.4082927704,2211,nonrecursive,TX_1
sell_price,294457.4523448944,1964,nonrecursive,TX_1
tm_y,289343.054517746,2003,nonrecursive,TX_1
sales_lag_35,271693.480134964,636,nonrecursive,TX_1
tm_m,267495.3897457123,2008,nonrecursive,TX_1
price_std,218860.4873313904,1501,nonrecursive,TX_1
tm_d,208258.5753231049,1751,nonrecursive,TX_1
sales_lag_29,205643.25378227237,721,nonrecursive,TX_1
snap_TX,203299.6781349182,857,nonrecursive,TX_1
price_mean,193383.7679080963,1256,nonrecursive,TX_1
price_max,182939.1950817108,1591,nonrecursive,TX_1
price_momentum,176501.07466316223,1371,nonrecursive,TX_1
enc_store_id_dept_id_mean,164905.21355438232,615,nonrecursive,TX_1
price_min,164657.74438667297,1367,nonrecursive,TX_1
price_nunique,149619.4334487915,920,nonrecursive,TX_1
dept_id,135223.87732887268,1168,nonrecursive,TX_1
sales_lag_42,134318.42363357544,741,nonrecursive,TX_1
release,113981.43483161926,840,nonrecursive,TX_1
sales_lag_31,96899.2329750061,536,nonrecursive,TX_1
sales_lag_34,74002.71386909485,621,nonrecursive,TX_1
sales_lag_41,71448.01842689514,627,nonrecursive,TX_1
sales_lag_36,69029.1651096344,588,nonrecursive,TX_1
sales_lag_33,65733.77173042297,530,nonrecursive,TX_1
sales_lag_37,61717.779415130615,547,nonrecursive,TX_1
enc_store_id_dept_id_std,59522.03538513184,348,nonrecursive,TX_1
sales_lag_32,55805.50268745422,590,nonrecursive,TX_1
sales_lag_39,55064.94201087952,586,nonrecursive,TX_1
sales_lag_40,53212.76156044006,556,nonrecursive,TX_1
sales_lag_30,52114.45198440552,473,nonrecursive,TX_1
sales_lag_38,50495.34638595581,492,nonrecursive,TX_1
tm_wm,44473.72828292847,363,nonrecursive,TX_1
cat_id,38583.84381866455,362,nonrecursive,TX_1
event_type_1,18221.628078460693,161,nonrecursive,TX_1
snap_CA,7412.087915420532,78,nonrecursive,TX_1
snap_WI,7055.492496490479,75,nonrecursive,TX_1
event_name_2,81.52239990234375,2,nonrecursive,TX_1
event_type_2,51.9651985168457,1,nonrecursive,TX_1
enc_item_id_state_id_mean,73310094.93513298,2676,nonrecursive,TX_2
rolling_mean_30,68822404.07432938,2190,nonrecursive,TX_2
item_id,18366562.179080963,50653,nonrecursive,TX_2
rolling_mean_14,17230765.733716965,1830,nonrecursive,TX_2
rolling_mean_60,15011374.585233688,2820,nonrecursive,TX_2
enc_item_id_state_id_std,12228656.285036089,1973,nonrecursive,TX_2
rolling_mean_7,11434232.975143433,1923,nonrecursive,TX_2
rolling_std_30,2140975.5162620544,1632,nonrecursive,TX_2
sales_lag_28,1991838.2843112943,1136,nonrecursive,TX_2
rolling_mean_180,1539387.1598377228,3414,nonrecursive,TX_2
tm_dw,1132416.862083435,2616,nonrecursive,TX_2
rolling_std_60,956011.4597129822,1663,nonrecursive,TX_2
tm_w,837020.1310482025,5218,nonrecursive,TX_2
event_name_1,725366.1084403992,1952,nonrecursive,TX_2
rolling_std_180,677283.5943222046,2386,nonrecursive,TX_2
price_momentum_m,632665.2392425537,3704,nonrecursive,TX_2
rolling_std_14,632258.5988941193,1144,nonrecursive,TX_2
price_momentum_y,597439.0176315308,3439,nonrecursive,TX_2
tm_y,539576.112859726,2341,nonrecursive,TX_2
tm_w_end,524647.3921012878,804,nonrecursive,TX_2
sales_lag_35,454846.2642345429,658,nonrecursive,TX_2
sell_price,389685.5080680847,1906,nonrecursive,TX_2
tm_m,376554.51592445374,2135,nonrecursive,TX_2
item_nunique,365949.5826663971,2081,nonrecursive,TX_2
price_norm,346592.485666275,2314,nonrecursive,TX_2
sales_lag_42,322131.71133995056,662,nonrecursive,TX_2
rolling_std_7,309737.1996364593,1183,nonrecursive,TX_2
sales_lag_29,268974.0691318512,733,nonrecursive,TX_2
price_std,246449.03566741943,1600,nonrecursive,TX_2
price_mean,244052.6332988739,1174,nonrecursive,TX_2
price_max,237055.43469429016,1668,nonrecursive,TX_2
price_momentum,205480.8908443451,1342,nonrecursive,TX_2
price_min,194807.5300502777,1301,nonrecursive,TX_2
tm_d,189639.07379341123,1578,nonrecursive,TX_2
dept_id,189608.7216644287,1264,nonrecursive,TX_2
snap_TX,175976.15042495728,665,nonrecursive,TX_2
enc_store_id_dept_id_mean,159147.76790618896,601,nonrecursive,TX_2
release,143507.90711975098,803,nonrecursive,TX_2
price_nunique,125732.2729511261,829,nonrecursive,TX_2
sales_lag_31,118973.04388046265,510,nonrecursive,TX_2
sales_lag_30,115752.6037082672,550,nonrecursive,TX_2
sales_lag_36,96018.21925163268,497,nonrecursive,TX_2
sales_lag_41,88392.1079750061,580,nonrecursive,TX_2
sales_lag_34,86884.31321525574,566,nonrecursive,TX_2
sales_lag_33,68501.72981834412,490,nonrecursive,TX_2
sales_lag_39,67489.53817749023,524,nonrecursive,TX_2
enc_store_id_dept_id_std,60492.35004425049,367,nonrecursive,TX_2
sales_lag_32,60260.920682907104,537,nonrecursive,TX_2
sales_lag_40,53635.31564712525,465,nonrecursive,TX_2
sales_lag_38,49537.09318161011,412,nonrecursive,TX_2
sales_lag_37,42403.255378723145,377,nonrecursive,TX_2
event_type_1,41738.19884109497,280,nonrecursive,TX_2
cat_id,37149.3474407196,326,nonrecursive,TX_2
tm_wm,36694.67159461975,338,nonrecursive,TX_2
snap_CA,8720.763479232788,84,nonrecursive,TX_2
snap_WI,7500.319622039795,82,nonrecursive,TX_2
event_type_2,166.57469940185547,3,nonrecursive,TX_2
event_name_2,55.928001403808594,1,nonrecursive,TX_2
enc_item_id_state_id_mean,62387947.00759888,2617,nonrecursive,TX_3
rolling_mean_30,61410025.21786499,2133,nonrecursive,TX_3
rolling_mean_14,19339164.239198685,1756,nonrecursive,TX_3
item_id,16829923.33164215,49612,nonrecursive,TX_3
rolling_mean_60,12161016.916719437,2755,nonrecursive,TX_3
rolling_mean_7,9638269.211483002,1814,nonrecursive,TX_3
enc_item_id_state_id_std,9590000.949020386,2048,nonrecursive,TX_3
rolling_std_30,3749639.982843399,1627,nonrecursive,TX_3
rolling_mean_180,1553958.4093875885,3647,nonrecursive,TX_3
sales_lag_28,1143505.3040657043,1018,nonrecursive,TX_3
rolling_std_60,909001.5435581208,1652,nonrecursive,TX_3
tm_w,824578.4954166412,5478,nonrecursive,TX_3
tm_dw,721628.8233890533,2623,nonrecursive,TX_3
price_momentum_m,701345.5881214142,4157,nonrecursive,TX_3
rolling_std_180,640427.1341896057,2492,nonrecursive,TX_3
rolling_std_14,569689.4919891357,1165,nonrecursive,TX_3
event_name_1,557079.5604534149,1910,nonrecursive,TX_3
price_momentum_y,530660.0961742401,3526,nonrecursive,TX_3
item_nunique,378538.4326896668,2285,nonrecursive,TX_3
tm_m,366179.4462718964,2246,nonrecursive,TX_3
sell_price,361560.31096076965,1948,nonrecursive,TX_3
price_norm,349070.625289917,2340,nonrecursive,TX_3
tm_w_end,310861.1942024231,791,nonrecursive,TX_3
rolling_std_7,294177.2525615692,1156,nonrecursive,TX_3
price_std,288103.15476989746,1617,nonrecursive,TX_3
tm_y,284114.3496398926,1905,nonrecursive,TX_3
sales_lag_35,256328.84537887573,649,nonrecursive,TX_3
price_mean,256033.4317150116,1316,nonrecursive,TX_3
sales_lag_29,251929.4628276825,656,nonrecursive,TX_3
price_momentum,226175.87231636047,1465,nonrecursive,TX_3
tm_d,214451.95320129397,1795,nonrecursive,TX_3
price_min,203535.91096305847,1497,nonrecursive,TX_3
sales_lag_42,203133.5650691986,718,nonrecursive,TX_3
price_max,196176.03315734863,1464,nonrecursive,TX_3
sales_lag_31,176392.44849586487,442,nonrecursive,TX_3
enc_store_id_dept_id_mean,162678.9191570282,662,nonrecursive,TX_3
snap_TX,162549.03638076782,700,nonrecursive,TX_3
dept_id,162210.9837284088,1378,nonrecursive,TX_3
release,135390.00829696655,1008,nonrecursive,TX_3
price_nunique,127687.96504211426,891,nonrecursive,TX_3
sales_lag_36,103455.9698867798,434,nonrecursive,TX_3
sales_lag_34,96959.4131412506,474,nonrecursive,TX_3
sales_lag_30,91761.47797012328,433,nonrecursive,TX_3
enc_store_id_dept_id_std,64090.48084640503,386,nonrecursive,TX_3
sales_lag_33,63900.19061660767,434,nonrecursive,TX_3
sales_lag_39,55058.90589141846,522,nonrecursive,TX_3
sales_lag_41,54483.11375617981,484,nonrecursive,TX_3
sales_lag_40,50656.88088035584,468,nonrecursive,TX_3
sales_lag_38,46647.13777542114,432,nonrecursive,TX_3
sales_lag_32,44120.64434432984,426,nonrecursive,TX_3
tm_wm,42477.7094745636,398,nonrecursive,TX_3
sales_lag_37,36099.38807106018,383,nonrecursive,TX_3
cat_id,33635.34493255615,338,nonrecursive,TX_3
event_type_1,30431.976537704468,264,nonrecursive,TX_3
snap_CA,10676.506210327148,91,nonrecursive,TX_3
snap_WI,3810.103492736816,58,nonrecursive,TX_3
event_name_2,582.0749931335449,11,nonrecursive,TX_3
event_type_2,262.60810470581055,5,nonrecursive,TX_3
rolling_mean_30,42353861.8473587,2193,nonrecursive,WI_1
rolling_mean_14,21732747.29214096,1792,nonrecursive,WI_1
item_id,14958944.487840652,53593,nonrecursive,WI_1
rolling_mean_60,11497804.117391586,2868,nonrecursive,WI_1
enc_item_id_state_id_mean,9943092.216779709,2686,nonrecursive,WI_1
rolling_mean_7,7073909.201660156,1749,nonrecursive,WI_1
rolling_std_30,6755315.951631546,1483,nonrecursive,WI_1
rolling_mean_180,2426952.249940872,3282,nonrecursive,WI_1
enc_item_id_state_id_std,2391538.138206482,1906,nonrecursive,WI_1
tm_dw,1577261.6801490784,2616,nonrecursive,WI_1
rolling_std_60,943271.9762649536,1623,nonrecursive,WI_1
rolling_std_180,787220.1657390594,2437,nonrecursive,WI_1
rolling_std_14,776050.308933258,1132,nonrecursive,WI_1
tm_w,756534.2373085022,6070,nonrecursive,WI_1
sales_lag_28,747385.242225647,908,nonrecursive,WI_1
tm_w_end,672883.9062023163,731,nonrecursive,WI_1
event_name_1,625301.4985275269,2277,nonrecursive,WI_1
price_momentum_y,522696.1232433319,3380,nonrecursive,WI_1
price_momentum_m,455142.2282581329,3388,nonrecursive,WI_1
sell_price,331182.1334762573,1758,nonrecursive,WI_1
tm_y,328976.5023021698,2379,nonrecursive,WI_1
tm_m,328739.9904384613,2416,nonrecursive,WI_1
price_norm,276928.6907596588,2277,nonrecursive,WI_1
rolling_std_7,266175.6796092987,1109,nonrecursive,WI_1
item_nunique,250199.2772922516,1966,nonrecursive,WI_1
price_std,236637.9960384369,1704,nonrecursive,WI_1
sales_lag_35,224642.58088874817,496,nonrecursive,WI_1
tm_d,183760.95759773251,2017,nonrecursive,WI_1
dept_id,179293.61589050293,1459,nonrecursive,WI_1
price_mean,174063.63122558594,1241,nonrecursive,WI_1
price_max,160322.98406982422,1486,nonrecursive,WI_1
enc_store_id_dept_id_mean,159216.18993759155,765,nonrecursive,WI_1
price_min,145118.9316444397,1287,nonrecursive,WI_1
sales_lag_42,135093.4899635315,511,nonrecursive,WI_1
price_momentum,125144.58958816528,948,nonrecursive,WI_1
release,124719.11939239502,1076,nonrecursive,WI_1
price_nunique,93081.00567626952,758,nonrecursive,WI_1
sales_lag_29,61454.45416069031,410,nonrecursive,WI_1
enc_store_id_dept_id_std,58886.596464157104,474,nonrecursive,WI_1
cat_id,48110.65045928955,364,nonrecursive,WI_1
event_type_1,33200.591049194336,319,nonrecursive,WI_1
sales_lag_34,31905.221069335938,279,nonrecursive,WI_1
sales_lag_41,30129.268856048584,327,nonrecursive,WI_1
tm_wm,28422.158548355103,331,nonrecursive,WI_1
sales_lag_30,27518.944931030277,240,nonrecursive,WI_1
sales_lag_33,26501.487909317017,232,nonrecursive,WI_1
sales_lag_36,25960.579334259037,237,nonrecursive,WI_1
snap_WI,22920.762912750244,217,nonrecursive,WI_1
sales_lag_31,22784.797477722168,256,nonrecursive,WI_1
sales_lag_39,20094.18865966797,272,nonrecursive,WI_1
sales_lag_40,19542.00019264221,276,nonrecursive,WI_1
sales_lag_38,19327.19124031067,258,nonrecursive,WI_1
sales_lag_37,17029.166395187378,250,nonrecursive,WI_1
sales_lag_32,16674.431623458862,233,nonrecursive,WI_1
snap_TX,12940.161575317385,151,nonrecursive,WI_1
snap_CA,5403.859769821167,68,nonrecursive,WI_1
event_name_2,1791.8826084136963,30,nonrecursive,WI_1
event_type_2,594.6804962158203,9,nonrecursive,WI_1
rolling_mean_14,50301886.93904877,1776,nonrecursive,WI_2
rolling_mean_30,46047415.04859352,2109,nonrecursive,WI_2
enc_item_id_state_id_mean,40615874.762283325,2359,nonrecursive,WI_2
item_id,17974010.010448456,48254,nonrecursive,WI_2
rolling_mean_7,14160586.142442703,2029,nonrecursive,WI_2
rolling_mean_60,13467500.614463806,2722,nonrecursive,WI_2
enc_item_id_state_id_std,11649707.688976288,1742,nonrecursive,WI_2
rolling_std_30,10994717.75527382,1468,nonrecursive,WI_2
rolling_mean_180,1868537.381893158,3171,nonrecursive,WI_2
rolling_std_60,1162112.2335357666,1520,nonrecursive,WI_2
rolling_std_14,978212.451976776,1142,nonrecursive,WI_2
tm_w,952906.44871521,5201,nonrecursive,WI_2
rolling_std_180,868353.1517353058,2427,nonrecursive,WI_2
snap_WI,861865.5417900085,1034,nonrecursive,WI_2
sales_lag_28,740846.9351348877,1363,nonrecursive,WI_2
tm_d,728366.70129776,2857,nonrecursive,WI_2
price_momentum_y,678862.1138648987,3294,nonrecursive,WI_2
event_name_1,660652.793056488,1795,nonrecursive,WI_2
price_momentum_m,633247.5277309418,3123,nonrecursive,WI_2
tm_dw,565417.5061950684,2121,nonrecursive,WI_2
rolling_std_7,522297.7805747986,1211,nonrecursive,WI_2
tm_y,515389.47608184814,2476,nonrecursive,WI_2
tm_m,491958.0290584564,2253,nonrecursive,WI_2
sell_price,423421.3819656372,1744,nonrecursive,WI_2
enc_store_id_dept_id_mean,376139.7795944214,783,nonrecursive,WI_2
item_nunique,351182.2602519989,1752,nonrecursive,WI_2
price_norm,299435.0311412811,1728,nonrecursive,WI_2
dept_id,282967.4613418579,1299,nonrecursive,WI_2
price_std,275505.0650138855,1475,nonrecursive,WI_2
price_min,239076.053483963,1235,nonrecursive,WI_2
price_mean,237440.79364013672,1089,nonrecursive,WI_2
sales_lag_31,202843.7614440918,852,nonrecursive,WI_2
price_max,201820.69568634036,1227,nonrecursive,WI_2
sales_lag_35,184217.9781627655,1041,nonrecursive,WI_2
release,177091.30781173706,999,nonrecursive,WI_2
enc_store_id_dept_id_std,176191.46892166138,492,nonrecursive,WI_2
sales_lag_42,158843.40355682373,1122,nonrecursive,WI_2
sales_lag_29,154574.20558929443,877,nonrecursive,WI_2
price_momentum,146282.83067893982,839,nonrecursive,WI_2
sales_lag_30,145215.3778591156,838,nonrecursive,WI_2
tm_w_end,141247.3861541748,553,nonrecursive,WI_2
cat_id,118314.80948638916,534,nonrecursive,WI_2
sales_lag_34,117565.4407043457,836,nonrecursive,WI_2
sales_lag_32,114862.55046081544,864,nonrecursive,WI_2
tm_wm,113309.73454284668,522,nonrecursive,WI_2
sales_lag_33,110752.52821731567,790,nonrecursive,WI_2
sales_lag_36,108762.44959640504,858,nonrecursive,WI_2
sales_lag_39,107474.60490036012,876,nonrecursive,WI_2
price_nunique,98249.2300491333,592,nonrecursive,WI_2
sales_lag_40,94540.4442691803,809,nonrecursive,WI_2
sales_lag_41,89933.64544296265,807,nonrecursive,WI_2
sales_lag_38,89762.09786224365,733,nonrecursive,WI_2
sales_lag_37,89714.42686462402,758,nonrecursive,WI_2
event_type_1,48907.51333236694,286,nonrecursive,WI_2
snap_TX,47706.16856384277,224,nonrecursive,WI_2
snap_CA,27378.175060272217,105,nonrecursive,WI_2
event_name_2,1035.5278968811035,14,nonrecursive,WI_2
event_type_2,0.0,0,nonrecursive,WI_2
rolling_mean_14,56318123.66332626,1649,nonrecursive,WI_3
rolling_mean_30,51529822.17995072,2022,nonrecursive,WI_3
enc_item_id_state_id_mean,46012532.010066986,2460,nonrecursive,WI_3
item_id,17694709.637420654,51362,nonrecursive,WI_3
rolling_mean_7,16535593.68673134,1904,nonrecursive,WI_3
rolling_mean_60,12481911.666519163,2663,nonrecursive,WI_3
rolling_std_30,7649996.223417282,1500,nonrecursive,WI_3
enc_item_id_state_id_std,6101566.474189758,1943,nonrecursive,WI_3
rolling_mean_180,2154268.442844391,3201,nonrecursive,WI_3
sales_lag_28,1735995.0091323853,1176,nonrecursive,WI_3
rolling_std_60,1299731.296327591,1447,nonrecursive,WI_3
tm_dw,1018973.8408737184,2481,nonrecursive,WI_3
tm_w,963338.2942962646,5584,nonrecursive,WI_3
rolling_std_180,852423.098690033,2215,nonrecursive,WI_3
rolling_std_14,831527.8891105652,1127,nonrecursive,WI_3
tm_y,740054.396314621,2552,nonrecursive,WI_3
price_momentum_y,706681.5563354492,3196,nonrecursive,WI_3
price_momentum_m,628479.9875679016,3516,nonrecursive,WI_3
event_name_1,604499.3774833679,1800,nonrecursive,WI_3
snap_WI,577830.3546180725,1101,nonrecursive,WI_3
tm_d,534412.1357975006,2584,nonrecursive,WI_3
sell_price,504579.6888618469,1768,nonrecursive,WI_3
price_norm,448980.5391693115,2345,nonrecursive,WI_3
rolling_std_7,396581.5983905792,1083,nonrecursive,WI_3
tm_w_end,389398.5281257629,786,nonrecursive,WI_3
item_nunique,383253.81453704834,1942,nonrecursive,WI_3
tm_m,376247.211763382,2124,nonrecursive,WI_3
price_std,295405.15829467773,1553,nonrecursive,WI_3
enc_store_id_dept_id_mean,283604.88531684875,765,nonrecursive,WI_3
price_min,243153.69844055176,1125,nonrecursive,WI_3
sales_lag_35,237031.68789863584,665,nonrecursive,WI_3
price_mean,217739.5946388245,1109,nonrecursive,WI_3
dept_id,214109.77763938904,1146,nonrecursive,WI_3
sales_lag_42,201916.27944374084,834,nonrecursive,WI_3
price_max,187853.97303390503,1393,nonrecursive,WI_3
sales_lag_29,160980.34008026123,657,nonrecursive,WI_3
sales_lag_31,160689.0266342163,600,nonrecursive,WI_3
release,154222.9409313202,658,nonrecursive,WI_3
price_nunique,152841.45389938354,805,nonrecursive,WI_3
price_momentum,124613.50912475586,871,nonrecursive,WI_3
enc_store_id_dept_id_std,122468.73584365845,442,nonrecursive,WI_3
sales_lag_36,106927.80055236816,554,nonrecursive,WI_3
tm_wm,90092.38121795654,492,nonrecursive,WI_3
sales_lag_34,79510.5427684784,630,nonrecursive,WI_3
sales_lag_30,77599.60436820984,541,nonrecursive,WI_3
sales_lag_40,70178.30505752563,589,nonrecursive,WI_3
sales_lag_33,70152.9918346405,538,nonrecursive,WI_3
sales_lag_41,70003.77311706543,563,nonrecursive,WI_3
cat_id,61766.182275772095,414,nonrecursive,WI_3
sales_lag_32,55879.133319854736,504,nonrecursive,WI_3
sales_lag_39,54682.99022865296,525,nonrecursive,WI_3
sales_lag_38,53585.36491394043,498,nonrecursive,WI_3
sales_lag_37,45227.99636077881,475,nonrecursive,WI_3
event_type_1,28464.64567184448,225,nonrecursive,WI_3
snap_TX,25994.72016525269,182,nonrecursive,WI_3
snap_CA,24636.16194152832,115,nonrecursive,WI_3
event_type_2,34.3942985534668,1,nonrecursive,WI_3
event_name_2,0.0,0,nonrecursive,WI_3
rolling_mean_tmp_1_7,101249714.0638964,6367,recursive,CA_1
rolling_mean_tmp_1_14,50612906.56178264,4788,recursive,CA_1
rolling_mean_tmp_1_30,17231537.321318254,4015,recursive,CA_1
rolling_mean_tmp_7_14,13558666.237273306,3401,recursive,CA_1
rolling_mean_tmp_1_60,10992801.667014765,4273,recursive,CA_1
rolling_mean_tmp_7_30,9566067.539044395,3714,recursive,CA_1
rolling_mean_tmp_14_30,2390388.783576949,3624,recursive,CA_1
enc_item_id_mean,2350799.8500978462,6905,recursive,CA_1
item_id,2314898.805892825,12675,recursive,CA_1
tm_dw,2029640.5446568115,6600,recursive,CA_1
rolling_mean_tmp_7_7,1842328.981352266,4111,recursive,CA_1
enc_item_id_std,1189107.2518962335,6302,recursive,CA_1
tm_w_end,1024431.8315624596,1326,recursive,CA_1
rolling_mean_tmp_7_60,810742.051463481,3317,recursive,CA_1
event_name_1,543317.4177179337,1650,recursive,CA_1
rolling_mean_tmp_14_14,487032.0950258749,3115,recursive,CA_1
sales_lag_28,456260.2677180767,1982,recursive,CA_1
rolling_mean_tmp_14_60,432731.705253318,3784,recursive,CA_1
rolling_mean_180,377038.5498292465,8207,recursive,CA_1
rolling_std_180,366310.7731291259,6532,recursive,CA_1
tm_d,346241.6138147935,7738,recursive,CA_1
tm_w,310398.55753680225,8784,recursive,CA_1
sales_lag_35,299957.3230473995,1601,recursive,CA_1
rolling_mean_30,262465.9240495935,3771,recursive,CA_1
rolling_mean_60,255220.2086862164,5550,recursive,CA_1
rolling_std_30,215415.20867240988,3703,recursive,CA_1
dept_id,207061.9256701469,5769,recursive,CA_1
rolling_mean_tmp_14_7,198856.8548040986,2713,recursive,CA_1
price_momentum,169887.9458503723,278,recursive,CA_1
price_min,150170.490381754,4176,recursive,CA_1
tm_m,149734.91389576346,4385,recursive,CA_1
sales_lag_42,128985.72458004951,1878,recursive,CA_1
sell_price,125626.1816860528,4090,recursive,CA_1
rolling_std_60,124745.95237535004,4612,recursive,CA_1
price_momentum_m,115681.77804334088,3669,recursive,CA_1
price_max,114001.04276164784,3752,recursive,CA_1
price_mean,111526.53737009644,4060,recursive,CA_1
price_momentum_y,100977.38915591688,1936,recursive,CA_1
item_nunique,100676.31550841892,5655,recursive,CA_1
price_std,99464.9507729574,5327,recursive,CA_1
snap_CA,98595.98311445116,1415,recursive,CA_1
price_norm,90017.74454330467,3216,recursive,CA_1
rolling_std_14,87427.20414207503,3237,recursive,CA_1
rolling_mean_7,85648.21096301638,2024,recursive,CA_1
rolling_mean_14,82491.57083888352,2360,recursive,CA_1
rolling_std_7,81957.0394051522,2650,recursive,CA_1
tm_wm,77073.36674591899,2034,recursive,CA_1
enc_dept_id_mean,77028.90774947405,2103,recursive,CA_1
sales_lag_29,71908.57427489758,1231,recursive,CA_1
release,63259.609081719216,3198,recursive,CA_1
tm_y,62782.586368486285,2572,recursive,CA_1
cat_id,47711.35914948676,1693,recursive,CA_1
sales_lag_39,42599.03680628538,1408,recursive,CA_1
enc_dept_id_std,41613.56729310751,1134,recursive,CA_1
sales_lag_38,38880.60828590393,1291,recursive,CA_1
price_nunique,38673.376762157306,1311,recursive,CA_1
event_type_1,35399.455179691315,289,recursive,CA_1
sales_lag_32,33885.03342485428,1085,recursive,CA_1
sales_lag_40,32731.3586640358,1130,recursive,CA_1
sales_lag_31,32314.03499865532,1141,recursive,CA_1
sales_lag_30,29131.08599025011,1151,recursive,CA_1
sales_lag_36,28266.73068737984,1003,recursive,CA_1
sales_lag_41,26513.073574900627,1078,recursive,CA_1
sales_lag_33,25975.260899692774,926,recursive,CA_1
sales_lag_37,23811.42413687706,939,recursive,CA_1
enc_cat_id_mean,23627.133743852377,640,recursive,CA_1
sales_lag_34,22436.42326503992,871,recursive,CA_1
snap_TX,12024.9819355011,437,recursive,CA_1
snap_WI,8820.472506426275,411,recursive,CA_1
enc_cat_id_std,8367.291880816221,330,recursive,CA_1
event_type_2,77.51050186157227,2,recursive,CA_1
event_name_2,0.0,0,recursive,CA_1
rolling_mean_tmp_1_14,58394412.56645939,4491,recursive,CA_2
rolling_mean_tmp_1_7,35640624.08225477,5666,recursive,CA_2
rolling_mean_tmp_1_30,12139352.901095748,3765,recursive,CA_2
rolling_mean_tmp_7_14,9915086.809336009,3210,recursive,CA_2
rolling_mean_tmp_1_60,7506921.202360541,3896,recursive,CA_2
rolling_mean_tmp_7_30,7184913.789713234,3539,recursive,CA_2
tm_dw,2012471.4766908411,5172,recursive,CA_2
rolling_mean_tmp_14_30,1981907.971566081,3289,recursive,CA_2
item_id,1658031.9849922657,10714,recursive,CA_2
tm_w_end,1134040.2206256464,1173,recursive,CA_2
enc_item_id_mean,941241.1374903877,6536,recursive,CA_2
enc_item_id_std,898484.0047335566,6569,recursive,CA_2
rolling_mean_tmp_7_60,599538.8586411383,3155,recursive,CA_2
rolling_mean_tmp_7_7,599481.1882608905,3777,recursive,CA_2
event_name_1,481939.79377651215,1573,recursive,CA_2
rolling_mean_tmp_14_60,455593.12416533753,3776,recursive,CA_2
rolling_mean_tmp_14_14,425881.56820593774,2804,recursive,CA_2
rolling_mean_180,298827.8438859843,7842,recursive,CA_2
rolling_mean_60,287337.300809212,5479,recursive,CA_2
tm_w,275077.775297978,8300,recursive,CA_2
rolling_mean_30,259298.99025345407,3421,recursive,CA_2
rolling_std_180,256256.6126352325,6124,recursive,CA_2
dept_id,189374.87492203712,4969,recursive,CA_2
rolling_mean_tmp_14_7,167265.17223632336,2581,recursive,CA_2
rolling_std_30,163398.64177741483,3408,recursive,CA_2
sales_lag_28,161610.2462180853,1398,recursive,CA_2
tm_d,137359.12627368886,5396,recursive,CA_2
tm_y,121144.22946007922,4050,recursive,CA_2
tm_m,120815.0566802863,4068,recursive,CA_2
sales_lag_35,116309.19917047024,1290,recursive,CA_2
price_max,114727.3293711422,3445,recursive,CA_2
sell_price,111747.1674174564,3763,recursive,CA_2
price_mean,107263.28872695564,3683,recursive,CA_2
rolling_std_60,103730.75453052312,4176,recursive,CA_2
item_nunique,97369.3155272365,5439,recursive,CA_2
price_min,91375.03161348778,3623,recursive,CA_2
sales_lag_42,88614.99198627472,1379,recursive,CA_2
rolling_std_7,86699.8233676143,2302,recursive,CA_2
price_std,85594.03075967175,5000,recursive,CA_2
price_momentum_m,78144.41320094466,3137,recursive,CA_2
price_momentum_y,75536.67443246394,1674,recursive,CA_2
rolling_std_14,73690.39381001145,3005,recursive,CA_2
price_momentum,73106.10033416748,225,recursive,CA_2
release,72552.62734569237,3510,recursive,CA_2
rolling_mean_14,68032.45034959912,2046,recursive,CA_2
rolling_mean_7,66798.18234817684,1787,recursive,CA_2
cat_id,64526.77600058168,1796,recursive,CA_2
price_norm,54684.78081534791,2544,recursive,CA_2
enc_dept_id_mean,43254.99872557167,1830,recursive,CA_2
price_nunique,32428.20430890983,1212,recursive,CA_2
tm_wm,31060.664848037064,1369,recursive,CA_2
enc_cat_id_mean,29119.91957082227,730,recursive,CA_2
sales_lag_38,28845.017371475697,995,recursive,CA_2
sales_lag_39,27972.94506764412,998,recursive,CA_2
enc_dept_id_std,25040.961997698992,969,recursive,CA_2
sales_lag_29,24267.172181159254,947,recursive,CA_2
sales_lag_31,23437.724339187145,939,recursive,CA_2
sales_lag_32,23027.254301071167,886,recursive,CA_2
sales_lag_30,22283.65037024021,938,recursive,CA_2
sales_lag_37,21447.76157361269,885,recursive,CA_2
sales_lag_41,19009.77755981684,938,recursive,CA_2
sales_lag_40,17921.176113843918,846,recursive,CA_2
sales_lag_34,17169.11183476448,797,recursive,CA_2
sales_lag_33,16666.795640289783,773,recursive,CA_2
sales_lag_36,15703.643183708193,822,recursive,CA_2
event_type_1,14330.772006034853,170,recursive,CA_2
snap_CA,11887.233015909793,462,recursive,CA_2
enc_cat_id_std,11189.961270336062,332,recursive,CA_2
snap_TX,9869.037464737892,462,recursive,CA_2
snap_WI,9493.632349401712,397,recursive,CA_2
event_type_2,0.0,0,recursive,CA_2
event_name_2,0.0,0,recursive,CA_2
rolling_mean_tmp_1_7,152007334.05707234,6988,recursive,CA_3
rolling_mean_tmp_1_14,76494482.51956329,4968,recursive,CA_3
rolling_mean_tmp_1_30,25047064.648327768,4019,recursive,CA_3
rolling_mean_tmp_7_14,19971257.21853833,3627,recursive,CA_3
rolling_mean_tmp_1_60,16669290.75081548,3913,recursive,CA_3
rolling_mean_tmp_7_30,13833158.003351904,3737,recursive,CA_3
rolling_mean_tmp_14_30,3569878.0149358646,3514,recursive,CA_3
enc_item_id_mean,2639486.816024874,7144,recursive,CA_3
item_id,2604585.3564271927,9418,recursive,CA_3
enc_item_id_std,1457165.4296890125,7305,recursive,CA_3
tm_dw,1330867.4843195977,6479,recursive,CA_3
rolling_mean_tmp_7_7,1288871.2376748547,4622,recursive,CA_3
rolling_mean_tmp_7_60,943646.1630805136,3028,recursive,CA_3
rolling_mean_tmp_14_14,718520.5743777007,3181,recursive,CA_3
tm_w_end,665130.9878680706,1567,recursive,CA_3
event_name_1,642151.0712060928,1568,recursive,CA_3
price_momentum,568560.4279336929,796,recursive,CA_3
sales_lag_28,511740.87769564986,1972,recursive,CA_3
rolling_mean_tmp_14_7,472773.4117667452,3114,recursive,CA_3
tm_d,448870.0391182695,7672,recursive,CA_3
rolling_mean_tmp_14_60,380626.05772150354,3559,recursive,CA_3
price_momentum_y,370087.5734901577,3642,recursive,CA_3
rolling_mean_180,335792.3216959564,7881,recursive,CA_3
tm_w,309912.6485935908,8016,recursive,CA_3
rolling_mean_30,294346.3024947647,3802,recursive,CA_3
sales_lag_42,280311.387075752,1739,recursive,CA_3
rolling_std_180,265802.9352851684,6239,recursive,CA_3
rolling_mean_60,247115.18375521156,5292,recursive,CA_3
dept_id,209231.2166558504,5845,recursive,CA_3
sales_lag_35,187094.25238853693,1700,recursive,CA_3
snap_CA,176331.0144342184,1468,recursive,CA_3
price_norm,146605.6773960637,3632,recursive,CA_3
price_momentum_m,140880.03596088476,3873,recursive,CA_3
tm_m,140228.05023859162,3805,recursive,CA_3
price_max,132821.37316763029,3851,recursive,CA_3
sales_lag_29,130469.06858263724,1279,recursive,CA_3
price_mean,126274.26033351944,4041,recursive,CA_3
rolling_std_30,125096.5565474592,3657,recursive,CA_3
tm_y,124966.92914214358,3081,recursive,CA_3
rolling_std_60,122355.4084143769,4152,recursive,CA_3
item_nunique,119146.12656270154,5602,recursive,CA_3
sell_price,113843.39887902328,3764,recursive,CA_3
price_min,108922.33696180025,4072,recursive,CA_3
tm_wm,108586.38965452462,1961,recursive,CA_3
price_std,107707.72520953605,4983,recursive,CA_3
rolling_mean_7,93181.25244203769,2092,recursive,CA_3
rolling_std_14,90968.36115645716,3357,recursive,CA_3
rolling_mean_14,89873.10159046948,2292,recursive,CA_3
rolling_std_7,74399.3253145665,2668,recursive,CA_3
release,72682.54292668198,3233,recursive,CA_3
enc_dept_id_mean,58366.707174398005,2031,recursive,CA_3
sales_lag_41,56621.4032920599,1093,recursive,CA_3
sales_lag_40,49335.69825188816,1291,recursive,CA_3
sales_lag_39,48979.98732316494,1427,recursive,CA_3
sales_lag_36,46771.18388009071,1132,recursive,CA_3
cat_id,45799.01114212256,1602,recursive,CA_3
sales_lag_30,44462.68795269728,1285,recursive,CA_3
sales_lag_38,44440.82420742512,1351,recursive,CA_3
sales_lag_32,44012.440912246704,1230,recursive,CA_3
price_nunique,40727.42306992412,1416,recursive,CA_3
sales_lag_31,39174.26194190979,1139,recursive,CA_3
sales_lag_33,37305.31933927536,1078,recursive,CA_3
sales_lag_34,34594.388882637024,1036,recursive,CA_3
enc_dept_id_std,29032.738074000925,1007,recursive,CA_3
sales_lag_37,26220.41545033455,1072,recursive,CA_3
event_type_1,26168.453992843628,244,recursive,CA_3
snap_TX,20458.01074516773,460,recursive,CA_3
enc_cat_id_mean,18489.84030342102,558,recursive,CA_3
snap_WI,17259.024668961763,477,recursive,CA_3
enc_cat_id_std,8087.492134690285,276,recursive,CA_3
event_type_2,0.0,0,recursive,CA_3
event_name_2,0.0,0,recursive,CA_3
rolling_mean_tmp_1_14,44441511.73056245,4083,recursive,CA_4
rolling_mean_tmp_1_7,21518177.02476661,5143,recursive,CA_4
rolling_mean_tmp_1_30,13882832.022497443,3709,recursive,CA_4
rolling_mean_tmp_7_14,7465551.776287496,3101,recursive,CA_4
rolling_mean_tmp_1_60,6537518.151984349,4343,recursive,CA_4
rolling_mean_tmp_7_30,6198823.360364251,3614,recursive,CA_4
item_id,1481874.495520547,12525,recursive,CA_4
rolling_mean_tmp_14_30,1170492.8566936117,3437,recursive,CA_4
enc_item_id_mean,1053130.6413697095,7265,recursive,CA_4
rolling_mean_tmp_7_60,987398.9119587056,3744,recursive,CA_4
enc_item_id_std,669473.1144812847,6793,recursive,CA_4
rolling_mean_180,435856.4021841313,9236,recursive,CA_4
rolling_mean_tmp_14_60,411971.8370979664,4207,recursive,CA_4
tm_dw,400388.3226841041,6872,recursive,CA_4
rolling_mean_tmp_7_7,350972.864050284,3188,recursive,CA_4
event_name_1,294543.4267320633,1495,recursive,CA_4
rolling_mean_60,262622.0467614848,6033,recursive,CA_4
rolling_std_180,241597.13184080832,6904,recursive,CA_4
rolling_mean_tmp_14_14,202520.38558796796,2693,recursive,CA_4
rolling_mean_30,199666.89132922195,3513,recursive,CA_4
tm_w_end,172887.48098912835,1750,recursive,CA_4
tm_w,152334.55355091672,7955,recursive,CA_4
rolling_mean_tmp_14_7,148523.00962623954,2346,recursive,CA_4
dept_id,126248.88134366274,4658,recursive,CA_4
price_momentum,121845.83820438384,227,recursive,CA_4
tm_d,119031.04824743932,6022,recursive,CA_4
rolling_std_30,108585.76875389367,3973,recursive,CA_4
rolling_std_60,95160.09896075168,4893,recursive,CA_4
item_nunique,86795.07855189987,6431,recursive,CA_4
tm_m,77019.90779775195,4006,recursive,CA_4
sell_price,76339.28302735195,4088,recursive,CA_4
price_min,75399.5978302462,4240,recursive,CA_4
price_mean,72984.95430953323,3912,recursive,CA_4
price_std,72361.0816272171,5372,recursive,CA_4
rolling_mean_14,68885.59602591395,2132,recursive,CA_4
sales_lag_28,68207.75574846566,1330,recursive,CA_4
price_momentum_m,67108.42548061535,3868,recursive,CA_4
price_max,62824.65426685009,3732,recursive,CA_4
rolling_std_14,60905.93822879728,3169,recursive,CA_4
price_momentum_y,59621.32273875177,1951,recursive,CA_4
price_norm,58368.06914656161,3312,recursive,CA_4
rolling_std_7,53121.09373229966,2265,recursive,CA_4
enc_dept_id_mean,49956.24262615293,2259,recursive,CA_4
release,45142.62609395804,3903,recursive,CA_4
rolling_mean_7,45060.23343915492,1670,recursive,CA_4
tm_y,42931.83538420871,2742,recursive,CA_4
cat_id,40155.75380775146,1715,recursive,CA_4
sales_lag_42,36453.5845451951,1318,recursive,CA_4
enc_dept_id_std,36403.588002740405,1199,recursive,CA_4
sales_lag_35,34345.56691300869,1202,recursive,CA_4
price_nunique,27501.583506939,1405,recursive,CA_4
tm_wm,26219.827458690408,1499,recursive,CA_4
enc_cat_id_mean,21419.136771054706,735,recursive,CA_4
sales_lag_39,19708.461190909147,968,recursive,CA_4
snap_CA,19036.802856482565,731,recursive,CA_4
sales_lag_32,16699.998018741608,827,recursive,CA_4
sales_lag_31,16461.139436244965,790,recursive,CA_4
sales_lag_38,16203.416076779366,969,recursive,CA_4
sales_lag_30,13926.381524443626,831,recursive,CA_4
sales_lag_41,13600.902714192867,777,recursive,CA_4
sales_lag_29,13105.71144080162,789,recursive,CA_4
event_type_1,12637.205349445345,220,recursive,CA_4
sales_lag_40,12006.086403369904,717,recursive,CA_4
sales_lag_33,11647.902091562748,648,recursive,CA_4
sales_lag_37,11487.564913868904,695,recursive,CA_4
snap_TX,11337.63748241216,438,recursive,CA_4
sales_lag_36,10802.167366981506,680,recursive,CA_4
sales_lag_34,10734.11044216156,677,recursive,CA_4
enc_cat_id_std,9383.879009600729,288,recursive,CA_4
snap_WI,8015.411524625495,460,recursive,CA_4
event_type_2,0.0,0,recursive,CA_4
event_name_2,0.0,0,recursive,CA_4
rolling_mean_tmp_1_7,77746248.11599219,6115,recursive,TX_1
rolling_mean_tmp_1_14,50165817.291860014,4510,recursive,TX_1
rolling_mean_tmp_1_30,16568900.790097192,4213,recursive,TX_1
rolling_mean_tmp_7_14,11115599.264800608,3236,recursive,TX_1
rolling_mean_tmp_1_60,10846375.858652135,4665,recursive,TX_1
rolling_mean_tmp_7_30,8244733.979750801,3685,recursive,TX_1
item_id,2089482.823702693,13123,recursive,TX_1
rolling_mean_tmp_14_30,1868157.7272387703,3339,recursive,TX_1
enc_item_id_mean,1687755.184182553,7283,recursive,TX_1
rolling_mean_tmp_7_7,1322789.5375569016,3701,recursive,TX_1
enc_item_id_std,1173706.6129771634,7279,recursive,TX_1
rolling_mean_tmp_7_60,998603.6623548202,3734,recursive,TX_1
tm_dw,968404.627763146,6363,recursive,TX_1
tm_w_end,535018.1188113093,1851,recursive,TX_1
rolling_mean_180,402224.0920701461,9066,recursive,TX_1
rolling_mean_tmp_14_60,392176.31308489945,4014,recursive,TX_1
event_name_1,290989.1630189419,1362,recursive,TX_1
tm_d,286150.9968810994,7710,recursive,TX_1
rolling_mean_60,278518.7544338405,5780,recursive,TX_1
price_momentum,273961.01983737946,406,recursive,TX_1
rolling_std_180,242946.2836943672,7115,recursive,TX_1
snap_TX,221698.96405860785,2223,recursive,TX_1
rolling_mean_tmp_14_14,218107.73825515065,2886,recursive,TX_1
rolling_mean_30,187207.41763214208,3510,recursive,TX_1
tm_w,183113.0815457236,7495,recursive,TX_1
sales_lag_28,173507.78449511528,1304,recursive,TX_1
dept_id,172198.7541759014,5219,recursive,TX_1
rolling_mean_tmp_14_7,159929.5970710665,2608,recursive,TX_1
rolling_std_30,136172.90261419676,3966,recursive,TX_1
sell_price,115043.01308379814,4558,recursive,TX_1
price_max,110945.48614046536,4070,recursive,TX_1
price_momentum_m,108215.56985138929,4133,recursive,TX_1
rolling_std_60,103162.36907348035,4807,recursive,TX_1
price_mean,100407.44434494548,4305,recursive,TX_1
item_nunique,96299.60386474914,6219,recursive,TX_1
price_std,89340.5661336077,5479,recursive,TX_1
price_min,82994.26089056581,4398,recursive,TX_1
tm_m,82725.86311475188,3754,recursive,TX_1
price_momentum_y,75493.80831053853,2220,recursive,TX_1
price_norm,74314.53843969014,3315,recursive,TX_1
sales_lag_35,69699.99885845184,1040,recursive,TX_1
tm_wm,67670.05715166777,2102,recursive,TX_1
rolling_mean_14,66870.81113071926,2163,recursive,TX_1
rolling_std_14,65204.06748229824,3132,recursive,TX_1
rolling_std_7,63544.963198092766,2294,recursive,TX_1
rolling_mean_7,62251.40455532074,1886,recursive,TX_1
enc_dept_id_mean,59204.299517501146,2199,recursive,TX_1
tm_y,56429.9978158176,2956,recursive,TX_1
release,54009.6456809761,3628,recursive,TX_1
cat_id,51800.22134679928,1774,recursive,TX_1
enc_cat_id_mean,35340.97298653424,809,recursive,TX_1
sales_lag_42,32739.76602840424,1176,recursive,TX_1
price_nunique,30776.88297655061,1691,recursive,TX_1
enc_dept_id_std,29805.730755463243,1106,recursive,TX_1
sales_lag_29,29563.379871185403,923,recursive,TX_1
sales_lag_41,26247.64629995823,878,recursive,TX_1
sales_lag_38,24808.55020403862,919,recursive,TX_1
sales_lag_39,23265.35189771652,948,recursive,TX_1
sales_lag_36,20481.360799054382,724,recursive,TX_1
sales_lag_32,18238.98343515396,741,recursive,TX_1
sales_lag_30,18211.84077823162,830,recursive,TX_1
sales_lag_40,18024.567818164825,796,recursive,TX_1
sales_lag_31,17869.696802854538,800,recursive,TX_1
sales_lag_37,16336.59077310562,701,recursive,TX_1
sales_lag_33,15810.34850180149,687,recursive,TX_1
snap_WI,13952.376871943474,572,recursive,TX_1
sales_lag_34,13906.759145140648,688,recursive,TX_1
snap_CA,13729.548964291813,468,recursive,TX_1
enc_cat_id_std,12466.715946644545,337,recursive,TX_1
event_type_1,7909.609436035156,128,recursive,TX_1
event_type_2,0.0,0,recursive,TX_1
event_name_2,0.0,0,recursive,TX_1
rolling_mean_tmp_1_7,110672706.08653766,6250,recursive,TX_2
rolling_mean_tmp_1_14,54534751.39125364,4891,recursive,TX_2
rolling_mean_tmp_1_30,19082263.90182814,4244,recursive,TX_2
rolling_mean_tmp_7_14,13983060.472370343,3418,recursive,TX_2
rolling_mean_tmp_1_60,13611795.444117785,4374,recursive,TX_2
rolling_mean_tmp_7_30,9929389.509054378,3713,recursive,TX_2
item_id,2860501.827936948,13035,recursive,TX_2
rolling_mean_tmp_14_30,2304065.184328756,3648,recursive,TX_2
enc_item_id_mean,2203872.181761069,7234,recursive,TX_2
tm_dw,1181641.9695739872,6861,recursive,TX_2
enc_item_id_std,1043850.51320658,6548,recursive,TX_2
rolling_mean_tmp_7_60,1008601.2527024746,3283,recursive,TX_2
rolling_mean_tmp_7_7,928794.8987474889,4154,recursive,TX_2
tm_w_end,624837.8757960796,1709,recursive,TX_2
sales_lag_28,553003.567979455,1617,recursive,TX_2
rolling_mean_tmp_14_14,523970.8880369216,3137,recursive,TX_2
rolling_mean_tmp_14_60,508924.4093901664,3774,recursive,TX_2
event_name_1,405205.1773762703,1574,recursive,TX_2
rolling_mean_180,384155.2319444157,8364,recursive,TX_2
price_momentum,341965.01073646545,452,recursive,TX_2
sales_lag_35,303873.3803844452,1372,recursive,TX_2
tm_w,268377.3905659104,8320,recursive,TX_2
tm_d,267992.9307893466,7394,recursive,TX_2
rolling_mean_60,263155.9799860865,5455,recursive,TX_2
rolling_std_180,239550.0598274842,6446,recursive,TX_2
rolling_mean_30,216793.86114797,3534,recursive,TX_2
snap_TX,198361.6387462616,2011,recursive,TX_2
dept_id,188577.50709581372,5663,recursive,TX_2
rolling_mean_tmp_14_7,178273.22828909755,2833,recursive,TX_2
sales_lag_42,172024.38603961468,1335,recursive,TX_2
rolling_std_30,166363.7319998853,3820,recursive,TX_2
sell_price,123197.4624818979,4483,recursive,TX_2
price_mean,118380.80383859487,4336,recursive,TX_2
tm_m,110046.64026134089,4050,recursive,TX_2
price_momentum_m,106130.23588673864,4057,recursive,TX_2
price_max,105944.63810245992,3902,recursive,TX_2
rolling_std_60,104847.757363162,4438,recursive,TX_2
price_min,95078.66353805488,4357,recursive,TX_2
item_nunique,94369.13562720548,5837,recursive,TX_2
price_std,91145.9105907306,5173,recursive,TX_2
price_norm,87373.59658035636,3428,recursive,TX_2
tm_y,85771.95850915462,3209,recursive,TX_2
price_momentum_y,85742.60147185624,2118,recursive,TX_2
rolling_std_14,73056.05688034443,3196,recursive,TX_2
tm_wm,69616.40796587616,1909,recursive,TX_2
rolling_mean_14,66547.55992485583,2080,recursive,TX_2
rolling_mean_7,65666.87989526987,1910,recursive,TX_2
rolling_std_7,62664.67112249136,2429,recursive,TX_2
enc_dept_id_mean,55835.277848280966,2102,recursive,TX_2
release,54965.762017859146,3398,recursive,TX_2
cat_id,49546.07545115054,1776,recursive,TX_2
sales_lag_38,35472.28554391861,1204,recursive,TX_2
sales_lag_29,32900.28596675396,1013,recursive,TX_2
price_nunique,32226.93975472357,1604,recursive,TX_2
enc_dept_id_std,29738.36840120703,1090,recursive,TX_2
sales_lag_30,28690.34765794579,1032,recursive,TX_2
sales_lag_39,27601.396241426468,1065,recursive,TX_2
enc_cat_id_mean,27350.45367526263,776,recursive,TX_2
sales_lag_32,26986.28401017189,958,recursive,TX_2
sales_lag_31,26768.891746997837,967,recursive,TX_2
sales_lag_41,24129.93397927284,969,recursive,TX_2
snap_CA,23800.471298128366,433,recursive,TX_2
sales_lag_37,22417.98980921507,912,recursive,TX_2
sales_lag_40,21761.63556794077,968,recursive,TX_2
sales_lag_33,20884.455974459648,839,recursive,TX_2
sales_lag_36,18570.29425239563,871,recursive,TX_2
snap_WI,16833.97029042244,554,recursive,TX_2
sales_lag_34,15913.256983727217,802,recursive,TX_2
event_type_1,14493.317595481873,207,recursive,TX_2
enc_cat_id_std,11476.166852526369,366,recursive,TX_2
event_type_2,0.0,0,recursive,TX_2
event_name_2,0.0,0,recursive,TX_2
rolling_mean_tmp_1_7,98634771.78154594,5802,recursive,TX_3
rolling_mean_tmp_1_14,49000899.460540935,4582,recursive,TX_3
rolling_mean_tmp_1_30,17484818.709208503,4085,recursive,TX_3
rolling_mean_tmp_7_14,11537653.987425566,3170,recursive,TX_3
rolling_mean_tmp_7_30,10710150.480448565,3455,recursive,TX_3
rolling_mean_tmp_1_60,10692503.103601858,4367,recursive,TX_3
rolling_mean_tmp_14_30,2233981.408574447,3350,recursive,TX_3
item_id,2079833.1423022747,12656,recursive,TX_3
rolling_mean_tmp_7_7,1738051.5997775197,3739,recursive,TX_3
enc_item_id_mean,1499257.3844440738,7343,recursive,TX_3
enc_item_id_std,921807.7619566836,6921,recursive,TX_3
rolling_mean_tmp_7_60,807519.0760608899,3373,recursive,TX_3
tm_dw,782348.327608563,6990,recursive,TX_3
rolling_mean_tmp_14_60,435578.8838764699,3819,recursive,TX_3
rolling_mean_tmp_14_14,418860.7280467395,2983,recursive,TX_3
rolling_mean_180,373632.9228757703,8676,recursive,TX_3
event_name_1,360428.8072936535,1417,recursive,TX_3
tm_w_end,353600.66806158423,1916,recursive,TX_3
price_momentum,344484.80076122284,419,recursive,TX_3
tm_d,300759.1967350375,8208,recursive,TX_3
rolling_std_180,281408.2676874511,6761,recursive,TX_3
sales_lag_28,253524.618806839,1388,recursive,TX_3
rolling_mean_30,226297.5281981952,3313,recursive,TX_3
tm_w,215998.12350448035,7892,recursive,TX_3
dept_id,201248.2675806284,5647,recursive,TX_3
rolling_mean_60,195693.68047586456,5337,recursive,TX_3
snap_TX,171766.5495783016,2000,recursive,TX_3
rolling_mean_tmp_14_7,164359.58239595592,2494,recursive,TX_3
rolling_std_30,136622.72305481695,3631,recursive,TX_3
sales_lag_35,109047.37865042686,1177,recursive,TX_3
sell_price,108823.06431176094,4420,recursive,TX_3
price_momentum_m,107243.45781113952,4208,recursive,TX_3
tm_m,106603.93732540566,3985,recursive,TX_3
price_mean,104387.5504758237,4262,recursive,TX_3
rolling_std_60,98669.00761173666,4554,recursive,TX_3
price_max,91698.06056035867,4099,recursive,TX_3
item_nunique,91057.17764937674,5863,recursive,TX_3
price_std,87639.84173771142,5310,recursive,TX_3
price_min,80750.20372771802,4215,recursive,TX_3
price_norm,78695.95886270632,3462,recursive,TX_3
tm_wm,78147.6399205476,2268,recursive,TX_3
price_momentum_y,74553.65750793181,2054,recursive,TX_3
rolling_mean_14,74059.17843684927,2162,recursive,TX_3
rolling_std_14,66260.64522328367,2935,recursive,TX_3
enc_dept_id_mean,61284.46446066816,2105,recursive,TX_3
rolling_mean_7,60695.919159173965,1707,recursive,TX_3
release,58818.703831993975,3951,recursive,TX_3
sales_lag_42,54566.07423651218,1168,recursive,TX_3
tm_y,48893.97348742699,2773,recursive,TX_3
rolling_std_7,48699.010423094034,2126,recursive,TX_3
cat_id,48133.618503343314,1859,recursive,TX_3
sales_lag_29,37916.2045828104,957,recursive,TX_3
enc_dept_id_std,34581.37015043572,1258,recursive,TX_3
enc_cat_id_mean,29782.1604719162,857,recursive,TX_3
price_nunique,29513.786135956645,1493,recursive,TX_3
sales_lag_38,24512.18203485012,960,recursive,TX_3
sales_lag_34,24153.20882999897,671,recursive,TX_3
sales_lag_32,23743.38000512123,867,recursive,TX_3
sales_lag_39,22692.64075320959,971,recursive,TX_3
sales_lag_30,21864.422219991684,816,recursive,TX_3
sales_lag_36,19884.795838952065,755,recursive,TX_3
sales_lag_37,18442.798357129097,821,recursive,TX_3
sales_lag_31,17483.271381139755,742,recursive,TX_3
sales_lag_40,16839.903552234173,752,recursive,TX_3
sales_lag_41,15998.30525779724,797,recursive,TX_3
sales_lag_33,15041.961122870443,611,recursive,TX_3
event_type_1,13466.421845912932,192,recursive,TX_3
snap_CA,13383.307921916246,526,recursive,TX_3
enc_cat_id_std,12594.436602801085,344,recursive,TX_3
snap_WI,10778.432781904936,544,recursive,TX_3
event_type_2,0.0,0,recursive,TX_3
event_name_2,0.0,0,recursive,TX_3
rolling_mean_tmp_1_14,53474760.23331234,4402,recursive,WI_1
rolling_mean_tmp_1_7,33155833.205794275,5390,recursive,WI_1
rolling_mean_tmp_1_30,11225129.304458486,3903,recursive,WI_1
rolling_mean_tmp_7_14,8706083.097250432,3092,recursive,WI_1
rolling_mean_tmp_7_30,7328628.818728378,3582,recursive,WI_1
rolling_mean_tmp_1_60,7058225.903133998,4252,recursive,WI_1
tm_dw,1640590.700859256,6381,recursive,WI_1
item_id,1505905.7734109163,12875,recursive,WI_1
rolling_mean_tmp_14_30,1466630.074017614,3480,recursive,WI_1
rolling_mean_tmp_7_60,760527.127990488,3230,recursive,WI_1
tm_w_end,722651.1739022732,1331,recursive,WI_1
enc_item_id_mean,713934.6222403045,6113,recursive,WI_1
rolling_mean_tmp_14_60,604430.2711743414,3888,recursive,WI_1
rolling_mean_tmp_7_7,589100.5743035227,3552,recursive,WI_1
enc_item_id_std,561744.7890645321,5960,recursive,WI_1
event_name_1,532004.6366605759,1744,recursive,WI_1
rolling_mean_180,455194.851575003,8533,recursive,WI_1
rolling_mean_tmp_14_14,326744.7577537596,2810,recursive,WI_1
rolling_std_180,319773.2294833325,6588,recursive,WI_1
tm_w,306031.5811319072,9687,recursive,WI_1
rolling_mean_60,305213.041276671,5544,recursive,WI_1
sales_lag_28,232831.70600056648,1530,recursive,WI_1
rolling_mean_30,223177.67256652736,3148,recursive,WI_1
tm_d,209292.27193896825,7030,recursive,WI_1
tm_m,175600.8979199878,5221,recursive,WI_1
rolling_mean_tmp_14_7,166878.73233395815,2379,recursive,WI_1
dept_id,158771.32346835732,4692,recursive,WI_1
rolling_std_30,137300.8666556254,3280,recursive,WI_1
sell_price,108559.45388806643,4011,recursive,WI_1
sales_lag_35,108018.62147718668,1241,recursive,WI_1
sales_lag_42,104254.25431594253,1430,recursive,WI_1
price_momentum_y,94369.48328439891,1859,recursive,WI_1
price_momentum,93495.40694141388,203,recursive,WI_1
price_mean,93426.97393195704,3737,recursive,WI_1
tm_y,92657.26622878388,3545,recursive,WI_1
rolling_std_60,92306.39463627712,4313,recursive,WI_1
price_max,89400.37016473757,3439,recursive,WI_1
price_min,77700.9147126209,3629,recursive,WI_1
item_nunique,77534.15621221461,5253,recursive,WI_1
price_momentum_m,74938.72264620475,3058,recursive,WI_1
price_std,73390.38756958162,4798,recursive,WI_1
release,70085.24620045879,4473,recursive,WI_1
rolling_mean_14,67635.68010370433,1965,recursive,WI_1
enc_dept_id_mean,65643.92388021946,2199,recursive,WI_1
rolling_std_14,63885.74939844175,2841,recursive,WI_1
rolling_mean_7,62796.31405195966,1709,recursive,WI_1
price_norm,58328.04090480041,2747,recursive,WI_1
rolling_std_7,57807.80329859257,2189,recursive,WI_1
cat_id,50949.59728953987,1690,recursive,WI_1
enc_dept_id_std,43240.72997754067,1244,recursive,WI_1
tm_wm,36486.082799937576,1620,recursive,WI_1
snap_WI,33483.29478427768,1036,recursive,WI_1
price_nunique,26220.269935779277,1246,recursive,WI_1
enc_cat_id_mean,25984.925933986902,739,recursive,WI_1
event_type_1,23785.264137268063,286,recursive,WI_1
sales_lag_29,23238.31401538849,833,recursive,WI_1
sales_lag_30,20055.71512293816,933,recursive,WI_1
sales_lag_38,19718.08336591721,960,recursive,WI_1
sales_lag_31,19158.423001527783,870,recursive,WI_1
snap_TX,17742.7468649894,698,recursive,WI_1
sales_lag_32,17263.622333288193,813,recursive,WI_1
sales_lag_37,16610.886240899563,796,recursive,WI_1
sales_lag_40,16581.241970300674,815,recursive,WI_1
sales_lag_41,16377.796390339732,921,recursive,WI_1
sales_lag_39,16264.712836623192,902,recursive,WI_1
sales_lag_36,13124.476816892624,739,recursive,WI_1
enc_cat_id_std,12546.349232256413,338,recursive,WI_1
sales_lag_34,12453.278470754623,710,recursive,WI_1
sales_lag_33,11597.535909891129,631,recursive,WI_1
snap_CA,7146.435987018049,384,recursive,WI_1
event_type_2,0.0,0,recursive,WI_1
event_name_2,0.0,0,recursive,WI_1
rolling_mean_tmp_1_7,105104468.49014036,5896,recursive,WI_2
rolling_mean_tmp_1_14,50358202.79350799,4213,recursive,WI_2
rolling_mean_tmp_7_30,20894289.03195213,3352,recursive,WI_2
rolling_mean_tmp_1_30,19135225.993486285,3792,recursive,WI_2
rolling_mean_tmp_1_60,13817772.30522766,4014,recursive,WI_2
rolling_mean_tmp_14_30,2348983.429791093,3094,recursive,WI_2
item_id,2036029.213938296,11379,recursive,WI_2
rolling_mean_tmp_7_14,1352096.064564675,3238,recursive,WI_2
enc_item_id_mean,1261976.521889282,7083,recursive,WI_2
rolling_mean_tmp_7_60,973796.5225460752,3232,recursive,WI_2
snap_WI,938205.4815683664,2132,recursive,WI_2
enc_item_id_std,920866.8634598776,6626,recursive,WI_2
tm_d,864928.5758036368,9408,recursive,WI_2
rolling_mean_tmp_7_7,838296.8401056081,3954,recursive,WI_2
tm_dw,603825.9928333741,7001,recursive,WI_2
rolling_std_180,540092.5774353668,7151,recursive,WI_2
rolling_mean_tmp_14_60,529862.7608346744,3844,recursive,WI_2
event_name_1,467673.2348885536,1458,recursive,WI_2
rolling_mean_180,398861.1477340101,7836,recursive,WI_2
dept_id,346690.7467520833,5236,recursive,WI_2
rolling_mean_tmp_14_14,305931.05624964833,2723,recursive,WI_2
price_momentum,300937.4772195816,353,recursive,WI_2
rolling_mean_7,296324.66571229696,2082,recursive,WI_2
rolling_mean_30,269203.43504470994,3063,recursive,WI_2
tm_w,252487.61122500675,8429,recursive,WI_2
rolling_mean_60,240421.96334635463,4997,recursive,WI_2
rolling_mean_tmp_14_7,213318.26153723424,2581,recursive,WI_2
tm_wm,212992.13102015853,2534,recursive,WI_2
rolling_std_30,199358.8422481073,3278,recursive,WI_2
cat_id,184967.4443001654,2608,recursive,WI_2
sales_lag_28,183908.35085201263,1457,recursive,WI_2
tm_w_end,167749.87331581116,1765,recursive,WI_2
rolling_std_60,159966.80639981898,4411,recursive,WI_2
price_mean,151619.90025183605,3967,recursive,WI_2
sell_price,138732.21778502036,4080,recursive,WI_2
tm_m,137044.01188080898,4377,recursive,WI_2
price_max,128725.85478184668,3893,recursive,WI_2
enc_dept_id_mean,126824.62259546667,2321,recursive,WI_2
price_min,123538.83754500268,3978,recursive,WI_2
enc_dept_id_std,105377.60977323352,1484,recursive,WI_2
rolling_std_7,102883.10745231809,2286,recursive,WI_2
rolling_std_14,102112.44861100614,2805,recursive,WI_2
price_std,91468.20456512044,5182,recursive,WI_2
item_nunique,87732.63622436859,5532,recursive,WI_2
rolling_mean_14,85103.06994199473,2085,recursive,WI_2
release,85099.74218468356,4510,recursive,WI_2
enc_cat_id_mean,83982.27792191505,1141,recursive,WI_2
price_momentum_m,79374.65904048644,3647,recursive,WI_2
tm_y,78765.46075235866,3171,recursive,WI_2
price_momentum_y,74020.65572141111,1860,recursive,WI_2
price_norm,64996.51782379742,3348,recursive,WI_2
sales_lag_29,45068.24116706848,995,recursive,WI_2
snap_TX,44063.1850239262,934,recursive,WI_2
sales_lag_42,42131.94931387901,1197,recursive,WI_2
snap_CA,42081.06483137608,665,recursive,WI_2
event_type_1,41415.63486099243,264,recursive,WI_2
enc_cat_id_std,37781.08913385123,459,recursive,WI_2
sales_lag_30,37315.52903389931,831,recursive,WI_2
sales_lag_35,37027.91226601601,1103,recursive,WI_2
sales_lag_39,32781.399216890335,911,recursive,WI_2
sales_lag_38,32521.961023449898,997,recursive,WI_2
sales_lag_36,30192.989800691605,770,recursive,WI_2
sales_lag_31,29447.37751662731,821,recursive,WI_2
sales_lag_32,29192.07296061516,747,recursive,WI_2
sales_lag_37,28181.78462505341,812,recursive,WI_2
sales_lag_34,25649.92853951454,675,recursive,WI_2
sales_lag_41,25382.431384801865,817,recursive,WI_2
sales_lag_40,25088.122169852257,886,recursive,WI_2
price_nunique,24936.38802281104,1220,recursive,WI_2
sales_lag_33,22986.45328581333,715,recursive,WI_2
event_type_2,0.0,0,recursive,WI_2
event_name_2,0.0,0,recursive,WI_2
rolling_mean_tmp_1_7,109899773.00893456,5876,recursive,WI_3
rolling_mean_tmp_1_14,53310132.288668886,4339,recursive,WI_3
rolling_mean_tmp_7_30,19716378.013246197,3602,recursive,WI_3
rolling_mean_tmp_1_30,19552628.928204864,3856,recursive,WI_3
rolling_mean_tmp_1_60,14346155.82575548,4072,recursive,WI_3
rolling_mean_tmp_7_14,2491183.230975032,3114,recursive,WI_3
rolling_mean_tmp_14_30,2241700.668627601,3382,recursive,WI_3
enc_item_id_mean,2104762.616191222,7690,recursive,WI_3
item_id,1789994.4264689684,9404,recursive,WI_3
enc_item_id_std,1491727.3174761217,7128,recursive,WI_3
rolling_mean_tmp_7_60,1133353.6503467434,3333,recursive,WI_3
tm_dw,1068465.2600407917,6877,recursive,WI_3
rolling_mean_tmp_7_7,1041792.471208006,3865,recursive,WI_3
tm_d,673759.6294451688,9500,recursive,WI_3
snap_WI,582204.8341554403,2422,recursive,WI_3
rolling_mean_tmp_14_60,462281.9580074921,3931,recursive,WI_3
tm_w_end,444713.1741709113,1808,recursive,WI_3
event_name_1,392791.0573341847,1454,recursive,WI_3
rolling_std_180,331369.1494934323,6716,recursive,WI_3
rolling_mean_180,324723.8303815089,8206,recursive,WI_3
price_momentum,316887.5850830078,416,recursive,WI_3
sales_lag_28,298892.4965637922,1566,recursive,WI_3
rolling_mean_tmp_14_7,278493.04787991266,2528,recursive,WI_3
dept_id,266899.55693387985,5781,recursive,WI_3
tm_w,263647.1475585066,8852,recursive,WI_3
rolling_mean_tmp_14_14,252436.24673849344,2807,recursive,WI_3
rolling_mean_60,235264.35141391307,5226,recursive,WI_3
rolling_mean_30,203510.26461741328,3078,recursive,WI_3
rolling_std_30,180610.2909931336,3358,recursive,WI_3
tm_wm,173382.19382763654,2649,recursive,WI_3
rolling_mean_7,142600.6801276803,2024,recursive,WI_3
sell_price,137753.34825498564,4487,recursive,WI_3
cat_id,130037.85357396305,2626,recursive,WI_3
tm_y,129808.14185492694,4012,recursive,WI_3
price_min,127752.44398970772,4637,recursive,WI_3
price_mean,124013.04905926772,4328,recursive,WI_3
tm_m,119726.43935217684,4259,recursive,WI_3
rolling_std_60,117394.3710556522,4381,recursive,WI_3
price_max,116021.6290519184,4101,recursive,WI_3
price_momentum_m,106299.08014765498,4108,recursive,WI_3
item_nunique,101858.9814801349,6135,recursive,WI_3
price_std,100859.91620208837,5611,recursive,WI_3
price_norm,98302.69397861138,3465,recursive,WI_3
price_momentum_y,91886.86529321969,2080,recursive,WI_3
enc_dept_id_mean,90008.80439640209,2401,recursive,WI_3
rolling_std_14,86139.47524354607,2964,recursive,WI_3
rolling_mean_14,80792.21062326431,2106,recursive,WI_3
enc_cat_id_mean,75743.69406134635,1112,recursive,WI_3
enc_dept_id_std,67435.498113513,1247,recursive,WI_3
sales_lag_35,65520.22400903702,1152,recursive,WI_3
rolling_std_7,64533.15108379349,2319,recursive,WI_3
sales_lag_42,64276.67045715218,1446,recursive,WI_3
release,62637.09667107114,3790,recursive,WI_3
snap_TX,52769.95383647084,1037,recursive,WI_3
snap_CA,42390.712513282895,607,recursive,WI_3
sales_lag_29,39738.7356905099,907,recursive,WI_3
price_nunique,33904.452869620174,1476,recursive,WI_3
sales_lag_39,31848.9104899168,976,recursive,WI_3
sales_lag_37,29478.647797107697,847,recursive,WI_3
sales_lag_38,28182.334304094315,1031,recursive,WI_3
sales_lag_30,26872.537263274196,889,recursive,WI_3
enc_cat_id_std,26481.41000342369,493,recursive,WI_3
sales_lag_41,24521.35893762112,875,recursive,WI_3
sales_lag_40,23543.2605753541,888,recursive,WI_3
sales_lag_36,22006.04680422693,816,recursive,WI_3
sales_lag_32,21725.892870556447,809,recursive,WI_3
sales_lag_31,21426.00048196316,818,recursive,WI_3
sales_lag_34,19042.406617045403,747,recursive,WI_3
sales_lag_33,18284.623527169228,697,recursive,WI_3
event_type_1,16947.220983028412,227,recursive,WI_3
event_type_2,0.0,0,recursive,WI_3
event_name_2,0.0,0,recursive,WI_3
