mode,store,rounds,peak_rss_mb,predict_seconds,total_seconds,train_seconds
nonrecursive,CA_1,500,4173.5625,0.740811682999265,96.80736791500021,83.50697374099946
nonrecursive,CA_2,500,3825.39453125,0.7038953169994784,83.63580117600031,74.63837949700064
nonrecursive,CA_3,500,4142.05859375,0.9077555240000947,90.69240257099955,79.15298584199991
nonrecursive,CA_4,500,4068.94921875,0.7479274859997531,92.73598008099907,82.38074713400056
nonrecursive,TX_1,500,4190.90625,0.7844780840005114,96.06643103500028,83.85278693799955
nonrecursive,TX_2,500,4203.94921875,0.7007194500001788,91.34891601299933,81.13372031200015
nonrecursive,TX_3,500,4143.859375,0.7751698249994661,91.76529771900096,81.16031340299924
nonrecursive,WI_1,500,3986.59375,0.8039009590011119,87.27010465500098,78.42605958400054
nonrecursive,WI_2,500,4063.109375,0.6959154229989508,91.64138801099944,80.76376518399957
nonrecursive,WI_3,500,4169.19140625,0.7001406640010828,93.42648496400034,83.07487511399995
recursive,CA_1,500,5222.8046875,1.3479601449998881,123.98048784099956,107.85991948999981
recursive,CA_2,500,4758.27734375,1.3779878789991926,107.54174368199892,94.71502611300093
recursive,CA_3,500,5188.2265625,1.4953062730000966,118.43181706500036,106.52982486100154
recursive,CA_4,500,5082.7265625,1.276794098001119,112.59746952999922,99.24879843999952
recursive,TX_1,500,5242.70703125,1.3202640939998673,121.73273765600061,106.761298772999
recursive,TX_2,500,5241.640625,1.32692824500009,119.28936850399987,107.17493723799998
recursive,TX_3,500,5180.57421875,1.3066519160001917,115.333867921001,102.02990158899956
recursive,WI_1,500,4987.96875,1.3135103499989782,111.85123520999878,100.08100596400072
recursive,WI_2,500,5077.67578125,1.3081934849997197,113.84088789599991,102.08765120599855
recursive,WI_3,500,5208.25390625,1.2980614389998664,117.00629099999969,105.35494824000125
