stage,model,WRMSSE,MAE,RMSE,bias,bias_total,bias_percent
development,nonrecursive,0.5391846735550232,1.019498422851456,2.089731467834869,-0.0351979242290617,-30049.171872834595,-2.5387387462622986
development,recursive,0.5884731908277211,1.046467716342477,2.0847682264593743,0.0744284982626351,63541.097536776906,5.368342494738786
development,ensemble,0.5015708422879684,1.0249860840119078,2.060413064025049,0.008652644767617,7386.935891010015,0.6240937501381362
development,last_week,0.9227813345358972,1.2323548704493277,2.7594593733845554,-0.0395844070655484,-33794.0,-2.855124845179136
development,weekday_mean_4weeks,0.654647989951059,1.0738538396664012,2.2783472409828813,-0.0088541910696715,-7559.0,-0.6386307837103951
development,equal_weight,0.5059232559160368,1.0273893693061826,2.0587631213228743,0.0196152870167867,16745.96283197114,1.4148018742382424
test,nonrecursive,0.6503491923264361,1.03553837941341,2.132509878232542,-0.0983489695606582,-83962.48229332516,-6.816442296846243
test,recursive,0.505020408431905,1.0379159072316897,2.0627073182958613,-0.0249450639791176,-21296.10002025232,-1.728910734544305
test,ensemble,0.5763604837576286,1.031381965317392,2.081368466951647,-0.068987407328042,-58895.92938409601,-4.781429671925467
test,last_week,0.869700702331063,1.2439722625685237,2.6768948977123297,-0.10618001218198,-90648.0,-7.359201925044083
test,weekday_mean_4weeks,0.7524207374036943,1.1036540083399708,2.3139608459134244,-0.0563861687672773,-48138.0,-3.908053815503619
test,equal_weight,0.5604101157480083,1.0313290138465006,2.073333620044267,-0.06164701676988791,-52629.291156788706,-4.272676515695272
