stage,mode,store,rounds,peak_rss_mb,predict_seconds,total_seconds,train_seconds
development,nonrecursive,CA_1,500,4173.5625,0.740811682999265,96.8073679150002,83.50697374099946
development,nonrecursive,CA_2,500,3825.39453125,0.7038953169994784,83.63580117600031,74.63837949700064
development,nonrecursive,CA_3,500,4142.05859375,0.9077555240000948,90.69240257099956,79.15298584199991
development,nonrecursive,CA_4,500,4068.94921875,0.7479274859997531,92.73598008099908,82.38074713400056
development,nonrecursive,TX_1,500,4190.90625,0.7844780840005114,96.06643103500028,83.85278693799955
development,nonrecursive,TX_2,500,4203.94921875,0.7007194500001788,91.34891601299933,81.13372031200015
development,nonrecursive,TX_3,500,4143.859375,0.7751698249994661,91.76529771900096,81.16031340299924
development,nonrecursive,WI_1,500,3986.59375,0.8039009590011119,87.27010465500098,78.42605958400054
development,nonrecursive,WI_2,500,4063.109375,0.6959154229989508,91.64138801099944,80.76376518399957
development,nonrecursive,WI_3,500,4169.19140625,0.7001406640010828,93.42648496400034,83.07487511399995
development,recursive,CA_1,500,5222.8046875,1.347960144999888,123.98048784099956,107.8599194899998
development,recursive,CA_2,500,4758.27734375,1.3779878789991926,107.54174368199892,94.71502611300092
development,recursive,CA_3,500,5188.2265625,1.4953062730000966,118.43181706500036,106.52982486100154
development,recursive,CA_4,500,5082.7265625,1.276794098001119,112.59746952999922,99.24879843999952
development,recursive,TX_1,500,5242.70703125,1.320264093999867,121.7327376560006,106.761298772999
development,recursive,TX_2,500,5241.640625,1.32692824500009,119.28936850399988,107.17493723799998
development,recursive,TX_3,500,5180.57421875,1.3066519160001917,115.333867921001,102.02990158899956
development,recursive,WI_1,500,4987.96875,1.3135103499989782,111.85123520999878,100.08100596400072
development,recursive,WI_2,500,5077.67578125,1.3081934849997197,113.84088789599993,102.08765120599855
development,recursive,WI_3,500,5208.25390625,1.2980614389998664,117.00629099999968,105.35494824000124
test,nonrecursive,CA_1,1000,4248.2734375,1.9065523600002048,189.76844255800097,173.10706712499814
test,nonrecursive,CA_2,1000,3891.9140625,1.7052645189978648,167.78394213499996,156.27448146400275
test,nonrecursive,CA_3,1000,4230.1328125,1.7948752500014962,185.5668330709996,170.60408358199857
test,nonrecursive,CA_4,1000,4143.18359375,1.761519493000378,185.9817107819981,173.04175329200007
test,nonrecursive,TX_1,1000,4269.15234375,1.9035300229988932,190.15244744800293,175.44442044599782
test,nonrecursive,TX_2,1000,4277.66015625,1.683175541998935,183.91184953599804,170.51895191899894
test,nonrecursive,TX_3,1000,4216.81640625,1.7321193229981873,181.5488218840001,170.71213913000247
test,nonrecursive,WI_1,1000,4050.3125,1.7925209979985084,179.61293018200013,168.5172240920001
test,nonrecursive,WI_2,1000,4136.40234375,1.8721644629986256,188.5519768580016,178.66204737900262
test,nonrecursive,WI_3,1000,4245.5390625,1.860826531999919,192.0800417169994,179.20082593999905
test,recursive,CA_1,500,5328.4375,1.374503797000216,130.98310640099953,116.09741998800018
test,recursive,CA_2,500,4862.671875,1.2519571099983295,110.37171258000308,97.8101221040015
test,recursive,CA_3,500,5291.26171875,1.6603905020019738,124.73607453599834,111.64693318900026
test,recursive,CA_4,500,5180.3046875,1.553009381001175,117.8403057050018,104.43628408600124
test,recursive,TX_1,500,5327.38671875,1.36967087100129,124.49477267800104,110.51907080100136
test,recursive,TX_2,500,5345.8125,1.612851502999547,126.58903138200183,112.2619881419996
test,recursive,TX_3,500,5254.29296875,1.3866284450014064,122.56553767500009,109.33636195299914
test,recursive,WI_1,500,5083.36328125,1.3232382540008985,117.91115165900192,104.14093553199928
test,recursive,WI_2,500,5160.6484375,1.321383821999916,124.88096475299972,109.46920332700029
test,recursive,WI_3,500,5303.0625,1.319763575000252,127.2409320830011,113.58866729000148
final,nonrecursive,CA_1,1000,4319.82421875,1.8842218270001467,185.67979113099864,175.35938024299685
final,nonrecursive,CA_2,1000,3952.69140625,1.716518878001807,171.7329490700031,160.3829673839973
final,nonrecursive,CA_3,1000,4307.84765625,1.8009779490021174,190.6037604719968,174.3412644839991
final,nonrecursive,CA_4,1000,4215.96875,1.875431528998888,192.73481823300244,177.0671099780011
final,nonrecursive,TX_1,1000,4343.79296875,1.854214613005752,191.4765000610023,175.7467361150011
final,nonrecursive,TX_2,1000,4350.12890625,1.7771026550035458,190.90920196100345,175.79694500700134
final,nonrecursive,TX_3,1000,4285.6171875,1.836817688999872,186.35628289300075,175.38959588500438
final,nonrecursive,WI_1,1000,4136.7265625,1.824205639997672,178.99011387499922,166.53747865300102
final,nonrecursive,WI_2,1000,4211.44140625,1.799960911004746,199.53151254099797,186.6345906350034
final,nonrecursive,WI_3,1000,4320.453125,1.953525575998356,197.6534490999984,182.6365618459968
final,recursive,CA_1,500,5417.71484375,1.3837445550016128,132.66716955899756,118.42877905600108
final,recursive,CA_2,500,4943.5234375,1.3143139470012102,111.83262511700012,100.3942014560016
final,recursive,CA_3,500,5380.06640625,1.3880831240021507,128.23404086899973,116.59539493900228
final,recursive,CA_4,500,5267.6875,1.3385134830023162,122.15079278899792,107.32581253600074
final,recursive,TX_1,500,5409.3671875,1.3813317060048576,127.96609973799788,112.9621991660024
final,recursive,TX_2,500,5438.7890625,1.7181896089969086,131.04281368300144,116.27299501200469
final,recursive,TX_3,500,5353.9453125,1.378915508998034,126.18803542800016,112.10123547699914
final,recursive,WI_1,500,5173.09765625,1.3411760910021258,119.5351270309984,107.61554086000253
final,recursive,WI_2,500,5265.1953125,1.4070043669998995,128.9068985010017,113.79738678000284
final,recursive,WI_3,500,5257.421875,1.4985445230049663,130.56742007299908,114.55281381599345
