stage,store,mode,rounds,threads,train_rows,features,train_first_day,train_last_day,train_seconds,total_seconds,peak_rss_mb,model_sha256
development,CA_1,nonrecursive,500,12,4617523,58,1,1885,83.50697374099946,96.80736791500021,4173.5625,80f9df4d72e66bf593a9adeb8e9e98726c0aecc0532a84d3cdd039a857a49ed4
development,CA_1,recursive,500,12,4617523,72,1,1885,107.85991948999981,123.98048784099956,5222.8046875,eba0fef266c49355aad38df9d341ec97b2c2b7cbd327d73104a8d75b698ba597
development,CA_2,nonrecursive,500,12,4190404,58,1,1885,74.63837949700064,83.63580117600031,3825.39453125,71e748c8309ac667006a9e1068c27da8ba5ea0e838975c6f45b156cca65088a6
development,CA_2,recursive,500,12,4190404,72,1,1885,94.71502611300093,107.54174368199892,4758.27734375,77af4c4768c008ca80b7cdb279b3d910aad54203dea370dd54f640f50a28ef7d
development,CA_3,nonrecursive,500,12,4586569,58,1,1885,79.15298584199991,90.69240257099955,4142.05859375,d646e546caf488a6636a69948bf678a357c495583fbac38b56fe85e350e77386
development,CA_3,recursive,500,12,4586569,72,1,1885,106.52982486100154,118.43181706500036,5188.2265625,e5c8c0f67e91ca09889a9fe6db314b95175ca0100231e33609d6300ab0ca3992
development,CA_4,nonrecursive,500,12,4481814,58,1,1885,82.38074713400056,92.73598008099907,4068.94921875,1384fb9c51d24e7affc42d96f357a6925ff93e4b27262464af9dac3f87f20e47
development,CA_4,recursive,500,12,4481814,72,1,1885,99.24879843999952,112.59746952999922,5082.7265625,65bf4eca11aa9dd6c527f04dce243c21c83d08d3f984c63df0bf84ff6d5e9b6d
development,TX_1,nonrecursive,500,12,4627211,58,1,1885,83.85278693799955,96.06643103500028,4190.90625,bf6a6687d2d1e396930d84787960a3055f7950bb6bc80fe16fdcf00aadedcdf3
development,TX_1,recursive,500,12,4627211,72,1,1885,106.761298772999,121.73273765600061,5242.70703125,8bed1bfb0d278f386b2893b877c9081de82f809cc192767e7b7bdf3d569c27f3
development,TX_2,nonrecursive,500,12,4637137,58,1,1885,81.13372031200015,91.34891601299933,4203.94921875,5f28b164ad1ec33767fa06fd6f53d078eab813547c3d7d1cc82671e8697fff7d
development,TX_2,recursive,500,12,4637137,72,1,1885,107.17493723799998,119.28936850399987,5241.640625,e2a1adf7c4436bee129f1274d01a1ed03a0ba1eba65662600f7015a0c7a195db
development,TX_3,nonrecursive,500,12,4566423,58,1,1885,81.16031340299924,91.76529771900096,4143.859375,4ea8e652883fcb50914db6a81665ce4a4241edbf138fc84a11b69b5dd9ea559b
development,TX_3,recursive,500,12,4566423,72,1,1885,102.02990158899956,115.333867921001,5180.57421875,f8791453e4c14577bb8a683faaa6a064b93ef41094d20e04b9db736b6f973632
development,WI_1,nonrecursive,500,12,4390023,58,1,1885,78.42605958400054,87.27010465500098,3986.59375,da440ad91d426978b53f8ad5941c3f73d8fd09e8b9a011bb4e97a9323bb5f439
development,WI_1,recursive,500,12,4390023,72,1,1885,100.08100596400072,111.85123520999878,4987.96875,808e26ce17273bb6d58c6c6ed41ff21286616fbb4c2d651c263754bb9c341a30
development,WI_2,nonrecursive,500,12,4475836,58,1,1885,80.76376518399957,91.64138801099944,4063.109375,f1390546ec6a533670112deaf92ef18cfd71a88c9fe292429daa498d2c94afdf
development,WI_2,recursive,500,12,4475836,72,1,1885,102.08765120599855,113.84088789599991,5077.67578125,ca0b50cf41462b70099b1846dd51b058e6b5827f2bd840daacb06f3b456a29ce
development,WI_3,nonrecursive,500,12,4601297,58,1,1885,83.07487511399995,93.42648496400034,4169.19140625,356a7d2dcfe895cc1fa5e2a52a6de2602db7d10dad0cfd8dbd4fe08933055370
development,WI_3,recursive,500,12,4601297,72,1,1885,105.35494824000125,117.00629099999969,5208.25390625,787a9c7c5c4a12c7e179ce96b05b92d5377bb1e89512e4b7d5d1909d2e30c649
test,CA_1,nonrecursive,1000,12,4702895,58,1,1913,173.10706712499814,189.76844255800097,4248.2734375,eb25fc10d30b6ea6615dd7da0053e5e80bb26c097fd6f239331bfbc83ff2f73b
test,CA_1,recursive,500,12,4702895,72,1,1913,116.09741998800018,130.98310640099953,5328.4375,fb750c6ed6ce8031082875096893b0525004385d078fbc843b7f2e4b7aa8ae45
test,CA_2,nonrecursive,1000,12,4275776,58,1,1913,156.27448146400275,167.78394213499996,3891.9140625,a71431baff223b65bb9c31ad9b2fbff6e7047f3a2eaa603881dc05caf7b9ec10
test,CA_2,recursive,500,12,4275776,72,1,1913,97.8101221040015,110.37171258000308,4862.671875,b2f49961957665b3d20a86c9ad43a5123900727e17e3bd6481a893c95cef0a22
test,CA_3,nonrecursive,1000,12,4671941,58,1,1913,170.60408358199857,185.56683307099956,4230.1328125,cdedae82d97d11fefdd4605a8b9d385156110ab174d3814236ac67af94088a80
test,CA_3,recursive,500,12,4671941,72,1,1913,111.64693318900026,124.73607453599834,5291.26171875,916d33e85ea46b21db78f7044af98221f4ab20b4b89289f3cb0b2c8b1011a6b8
test,CA_4,nonrecursive,1000,12,4567186,58,1,1913,173.04175329200007,185.98171078199812,4143.18359375,1bdafce35486436219356ce5580a160c4de4333fc2dfc5dfbe7f4d578070bcfb
test,CA_4,recursive,500,12,4567186,72,1,1913,104.43628408600125,117.84030570500181,5180.3046875,e89b6d2bd676fe73f5d1047b8be0920bc1552570c9d339f343e1979ef8b914b5
test,TX_1,nonrecursive,1000,12,4712583,58,1,1913,175.44442044599782,190.15244744800293,4269.15234375,bc0c122ca9c32960f60ad924c16ed41bb3774e4ad799f413d301606ba6b7361b
test,TX_1,recursive,500,12,4712583,72,1,1913,110.51907080100136,124.49477267800103,5327.38671875,664e673b875c3615f05c031fe743f08f8796dcb6477aaf54b005ac766db569e4
test,TX_2,nonrecursive,1000,12,4722509,58,1,1913,170.51895191899894,183.91184953599804,4277.66015625,1738ff2156fa9e5cfbe0681f24fa3c922f993b83984351fc7abf4892c6dafdb8
test,TX_2,recursive,500,12,4722509,72,1,1913,112.26198814199961,126.58903138200185,5345.8125,a800651e8eb2fedae1a0c63968ab8960123ae295a3c68082c05f49c1943d8ec1
test,TX_3,nonrecursive,1000,12,4651795,58,1,1913,170.71213913000247,181.54882188400006,4216.81640625,685431e53b3643a54d1cd3bcb87a8020af8ca3482e9a7cdfe87ec8918f60a20e
test,TX_3,recursive,500,12,4651795,72,1,1913,109.33636195299914,122.56553767500009,5254.29296875,4e4f976e1585a269d51a8f153d27dfcae4812bd41d1901d3cdb1bd2df27781f6
test,WI_1,nonrecursive,1000,12,4475395,58,1,1913,168.5172240920001,179.61293018200013,4050.3125,0d7a74e35f5085255bafb4ea972db56bf87af34f782e84846aebe8bb880864d1
test,WI_1,recursive,500,12,4475395,72,1,1913,104.14093553199928,117.91115165900192,5083.36328125,5ec05a40dac54da9e06dd3df61ba07bf6e568ff8a43fd5da75f885dafd23ad89
test,WI_2,nonrecursive,1000,12,4561208,58,1,1913,178.66204737900262,188.55197685800158,4136.40234375,2b4248e521e6acddae62bee543574b68013ef999506ad8160b447810765912c6
test,WI_2,recursive,500,12,4561208,72,1,1913,109.46920332700029,124.88096475299972,5160.6484375,71b72f0916a44b1d13dcfc4ded01410ddb5f3685a3fe8f35f95b6d9703acd023
test,WI_3,nonrecursive,1000,12,4686669,58,1,1913,179.20082593999905,192.0800417169994,4245.5390625,2dbc89c77b14d7558c5923215b7b4bebebf7db15bcb5d9e7294d6c2685f8d23a
test,WI_3,recursive,500,12,4686669,72,1,1913,113.58866729000147,127.2409320830011,5303.0625,eb3a1a58f4765e0fadf32c86304be13efd08adf11e2c506f8adcc333c0766d21
final,CA_1,nonrecursive,1000,12,4788267,58,1,1941,175.35938024299685,185.67979113099864,4319.82421875,7fc318b124711b9ec9a96b9640610d307ccd472951f004e88fbd5a6163801f1a
final,CA_1,recursive,500,12,4788267,72,1,1941,118.42877905600108,132.66716955899756,5417.71484375,17998a86aa1bc3902e666d1d0aa3bd344900485f7cbb2dd851e1417ae005b402
final,CA_2,nonrecursive,1000,12,4361148,58,1,1941,160.3829673839973,171.7329490700031,3952.69140625,1f7f569926c53385af5e2896a591c2d986955411ed89af10a00dffd2c2a326d9
final,CA_2,recursive,500,12,4361148,72,1,1941,100.39420145600161,111.83262511700013,4943.5234375,ed2943dc7dd5d21383883de5e819a4db63527752f4855eff0e271d75fa1b5f34
final,CA_3,nonrecursive,1000,12,4757313,58,1,1941,174.3412644839991,190.6037604719968,4307.84765625,e1499da8f769a7f9c2d51f24fe08cf3544bdc759f52b5cba859b7e1e4f2f5af1
final,CA_3,recursive,500,12,4757313,72,1,1941,116.59539493900229,128.23404086899973,5380.06640625,e037ace55096bea184619ab74f93f416b190b349ae89cec9d4a04f1a8bd0a4ea
final,CA_4,nonrecursive,1000,12,4652558,58,1,1941,177.0671099780011,192.73481823300244,4215.96875,efcad845ed034a62aefe889821fe7f9fb02263e6afe4bc76a4d09ac1d3328e17
final,CA_4,recursive,500,12,4652558,72,1,1941,107.32581253600074,122.15079278899793,5267.6875,14922207c5b501c3921029f30a58649da32f7c71a71b82665ea1a9b3277ffc46
final,TX_1,nonrecursive,1000,12,4797955,58,1,1941,175.7467361150011,191.4765000610023,4343.79296875,71841746b3ae7cb49b13de304184dd420c2da34f1489e09e1d2e706021b0ff21
final,TX_1,recursive,500,12,4797955,72,1,1941,112.96219916600239,127.96609973799787,5409.3671875,35f793537c0cc2cf0341bc5ade0d4b6d1b3a2e4693b33175a0cf450083ef6ac4
final,TX_2,nonrecursive,1000,12,4807881,58,1,1941,175.79694500700134,190.90920196100342,4350.12890625,5dbc6a29cff0cb8d04b1ce87d8229dd1b0d3667a4fd227c0f815ba1733818eb7
final,TX_2,recursive,500,12,4807881,72,1,1941,116.27299501200469,131.04281368300144,5438.7890625,001604a942c361940ff7fc4a6b9ef2205738b4ef3864cb4d653a534fec4e5c6d
final,TX_3,nonrecursive,1000,12,4737167,58,1,1941,175.38959588500438,186.35628289300075,4285.6171875,a15f25f3e904d1d88414dec8c333a9dbd493596f6c6b92d375df35b3c102078f
final,TX_3,recursive,500,12,4737167,72,1,1941,112.10123547699914,126.18803542800015,5353.9453125,6f2e53bcedb62e92d05e2bdc7a4b45fb8425c899aef062aaf19423c3c6b6089d
final,WI_1,nonrecursive,1000,12,4560767,58,1,1941,166.53747865300102,178.99011387499922,4136.7265625,09391d3bf78c58e38bae96ec6255125567ae04434cf9800fa0c384fc9d894816
final,WI_1,recursive,500,12,4560767,72,1,1941,107.61554086000251,119.53512703099841,5173.09765625,9620dfd44db83c95eae557b0285007fff7cbcb95e218324f66bc0d6ebfb4ab4c
final,WI_2,nonrecursive,1000,12,4646580,58,1,1941,186.6345906350034,199.53151254099794,4211.44140625,f2c7a121980774c267dbdd14f722c27190414861b80f0b0d474ee24f13cb6ffc
final,WI_2,recursive,500,12,4646580,72,1,1941,113.79738678000285,128.9068985010017,5265.1953125,912db410b0651a4e6339711b49a71bdde64565a5e0a4a5a054a12b3bff69a02f
final,WI_3,nonrecursive,1000,12,4772041,58,1,1941,182.63656184599677,197.6534490999984,4320.453125,8898b9d663cb6832d2e0aac39a8b02608aa555e85de62938b82ba04a44c1a623
final,WI_3,recursive,500,12,4772041,72,1,1941,114.55281381599343,130.56742007299908,5257.421875,e037d792474720f42ea13f8d9d3d539d21ec7392706f28ac1aae5fe7ad477dbc
