mode,rounds,WRMSSE,MAE,RMSE,bias,bias_total,bias_percent
nonrecursive,500,0.5392166928392562,1.0194521392798175,2.0896448065386983,-0.035312614887076973,-30147.085581395353,-2.547011098218132
nonrecursive,1000,0.5377692313664555,1.017039353892511,2.0908437369111725,-0.03595328418729621,-30694.037776378518,-2.593220981659622
nonrecursive,1500,0.5385607940116814,1.0166247739829515,2.093820502552471,-0.03526453765133205,-30106.0410836952,-2.543543406759838
nonrecursive,2000,0.5417183104336957,1.016123199769506,2.096940012653716,-0.03710755164686484,-31679.458991961455,-2.67647542314561
nonrecursive,2500,0.5440831765069128,1.0159768300404066,2.099888248528,-0.03823906251210062,-32645.452447830547,-2.758088488072292
nonrecursive,3000,0.5457745769981293,1.0157640328421458,2.101802368807097,-0.03890116184392381,-33210.69988939464,-2.805844066402279
recursive,500,0.5884731908277226,1.0464677163424774,2.0847682264593748,0.07442849826263566,63541.09753677731,5.368342494738821
recursive,1000,0.6241809876837165,1.0517041148538977,2.097177605143538,0.0907537367561315,77478.28014344459,6.545841350514824
recursive,1500,0.6384786708511606,1.0535116330949053,2.102297216906918,0.09673536514187732,82584.91592892351,6.977281331174163
recursive,2000,0.6496148364182567,1.0547473713959046,2.1060591399803754,0.10117937374666607,86378.85495500376,7.297816620706521
recursive,2500,0.6540438780822918,1.0552363938496725,2.1087046083139036,0.10256596564910449,87562.61619395348,7.39782804652428
recursive,3000,0.6557906941048607,1.0554090121094726,2.110088246902744,0.10337569133213262,88253.89520406826,7.4562315464570945
