feature,gain,split
rolling_mean_tmp_1_7,101249714.06389639,6367
rolling_mean_tmp_1_14,50612906.561782636,4788
rolling_mean_tmp_1_30,17231537.321318254,4015
rolling_mean_tmp_7_14,13558666.237273306,3401
rolling_mean_tmp_1_60,10992801.667014763,4273
rolling_mean_tmp_7_30,9566067.539044395,3714
rolling_mean_tmp_14_30,2390388.7835769495,3624
enc_item_id_mean,2350799.8500978462,6905
item_id,2314898.805892825,12675
tm_dw,2029640.5446568113,6600
rolling_mean_tmp_7_7,1842328.981352266,4111
enc_item_id_std,1189107.2518962335,6302
tm_w_end,1024431.8315624595,1326
rolling_mean_tmp_7_60,810742.051463481,3317
event_name_1,543317.4177179337,1650
rolling_mean_tmp_14_14,487032.0950258749,3115
sales_lag_28,456260.2677180767,1982
rolling_mean_tmp_14_60,432731.70525331795,3784
rolling_mean_180,377038.5498292465,8207
rolling_std_180,366310.7731291259,6532
tm_d,346241.6138147935,7738
tm_w,310398.55753680225,8784
sales_lag_35,299957.3230473995,1601
rolling_mean_30,262465.9240495935,3771
rolling_mean_60,255220.20868621639,5550
rolling_std_30,215415.20867240988,3703
dept_id,207061.92567014694,5769
rolling_mean_tmp_14_7,198856.8548040986,2713
price_momentum,169887.9458503723,278
price_min,150170.490381754,4176
tm_m,149734.91389576346,4385
sales_lag_42,128985.72458004951,1878
sell_price,125626.18168605279,4090
rolling_std_60,124745.95237535005,4612
price_momentum_m,115681.77804334089,3669
price_max,114001.04276164784,3752
price_mean,111526.53737009643,4060
price_momentum_y,100977.38915591687,1936
item_nunique,100676.31550841892,5655
price_std,99464.95077295741,5327
snap_CA,98595.98311445117,1415
price_norm,90017.74454330467,3216
rolling_std_14,87427.20414207503,3237
rolling_mean_7,85648.21096301638,2024
rolling_mean_14,82491.57083888352,2360
rolling_std_7,81957.0394051522,2650
tm_wm,77073.36674591899,2034
enc_dept_id_mean,77028.90774947405,2103
sales_lag_29,71908.57427489758,1231
release,63259.609081719216,3198
tm_y,62782.586368486285,2572
cat_id,47711.35914948676,1693
sales_lag_39,42599.03680628538,1408
enc_dept_id_std,41613.56729310751,1134
sales_lag_38,38880.60828590393,1291
price_nunique,38673.376762157306,1311
event_type_1,35399.455179691315,289
sales_lag_32,33885.03342485428,1085
sales_lag_40,32731.358664035797,1130
sales_lag_31,32314.03499865532,1141
sales_lag_30,29131.08599025011,1151
sales_lag_36,28266.730687379837,1003
sales_lag_41,26513.073574900627,1078
sales_lag_33,25975.260899692774,926
sales_lag_37,23811.42413687706,939
enc_cat_id_mean,23627.133743852377,640
sales_lag_34,22436.42326503992,871
snap_TX,12024.981935501099,437
snap_WI,8820.472506426275,411
enc_cat_id_std,8367.291880816221,330
event_type_2,77.51050186157227,2
event_name_2,0.0,0
